sector	in.state	month	fuel	calibration_multiplier
com	AL	1	Electric	0.9064090429632611
com	AL	1	Natural Gas	0.8509425189919056
com	AL	2	Electric	1.1132801758853665
com	AL	2	Natural Gas	1.3237457807708322
com	AL	3	Electric	1.0555989939236152
com	AL	3	Natural Gas	0.981043485694061
com	AL	4	Electric	1.0794881834181604
com	AL	4	Natural Gas	0.8333325564872424
com	AL	5	Electric	0.9828682824541723
com	AL	5	Natural Gas	0.7456431174530078
com	AL	6	Electric	1.0406228753759372
com	AL	6	Natural Gas	0.6653096310144992
com	AL	7	Electric	1.0703461626793196
com	AL	7	Natural Gas	0.6562602463059671
com	AL	8	Electric	1.102220248640073
com	AL	8	Natural Gas	0.6690418254335587
com	AL	9	Electric	1.06204016226862
com	AL	9	Natural Gas	0.832699883251969
com	AL	10	Electric	1.0568744367400231
com	AL	10	Natural Gas	0.98130143242685
com	AL	11	Electric	1.009713197508003
com	AL	11	Natural Gas	0.9791884837549535
com	AL	12	Electric	1.0029924797512506
com	AL	12	Natural Gas	1.050852702902074
com	AR	1	Electric	0.8554656553882745
com	AR	1	Natural Gas	1.3570505747570742
com	AR	2	Electric	1.00041657508833
com	AR	2	Natural Gas	1.9579107845993329
com	AR	3	Electric	0.9519865864594619
com	AR	3	Natural Gas	2.6840272289637976
com	AR	4	Electric	0.9486529401937381
com	AR	4	Natural Gas	2.0139882314988853
com	AR	5	Electric	0.8440203930014457
com	AR	5	Natural Gas	2.6092067444712597
com	AR	6	Electric	0.8956265581702562
com	AR	6	Natural Gas	2.3898702160925747
com	AR	7	Electric	0.9630528452151899
com	AR	7	Natural Gas	2.325971253764884
com	AR	8	Electric	0.999861204107036
com	AR	8	Natural Gas	2.4043636213478288
com	AR	9	Electric	1.0656202845536504
com	AR	9	Natural Gas	2.5701115131951258
com	AR	10	Electric	1.017694937006089
com	AR	10	Natural Gas	2.4524227293033416
com	AR	11	Electric	0.8924985622908808
com	AR	11	Natural Gas	1.4524166260242712
com	AR	12	Electric	0.8855036459977879
com	AR	12	Natural Gas	1.6506191501803726
com	AZ	1	Electric	1.0281437282530113
com	AZ	1	Natural Gas	1.2203222497360386
com	AZ	2	Electric	1.0592909830614647
com	AZ	2	Natural Gas	1.2033534968790236
com	AZ	3	Electric	1.0329134609750745
com	AZ	3	Natural Gas	1.2026700026794177
com	AZ	4	Electric	1.0175406629173864
com	AZ	4	Natural Gas	1.0729938502244412
com	AZ	5	Electric	1.0361982172135715
com	AZ	5	Natural Gas	0.9110936454410254
com	AZ	6	Electric	1.1237449226726794
com	AZ	6	Natural Gas	0.9021266126277235
com	AZ	7	Electric	1.1679316405467637
com	AZ	7	Natural Gas	0.8073327765655368
com	AZ	8	Electric	1.1535444384671565
com	AZ	8	Natural Gas	0.8230642711623557
com	AZ	9	Electric	1.1703672010382413
com	AZ	9	Natural Gas	0.8460578119823987
com	AZ	10	Electric	1.2376858500773413
com	AZ	10	Natural Gas	0.8308766773899133
com	AZ	11	Electric	1.1963979174174761
com	AZ	11	Natural Gas	0.9643980745227034
com	AZ	12	Electric	1.1050324986119175
com	AZ	12	Natural Gas	0.9108756604586687
com	CA	1	Electric	0.9596473668214389
com	CA	1	Natural Gas	0.8517653530451906
com	CA	2	Electric	0.951731995065809
com	CA	2	Natural Gas	0.8072986382287906
com	CA	3	Electric	1.0691876888658582
com	CA	3	Natural Gas	0.8372718772801395
com	CA	4	Electric	0.8945105105907052
com	CA	4	Natural Gas	0.8815624388369824
com	CA	5	Electric	0.8286343830300007
com	CA	5	Natural Gas	0.9008536211448127
com	CA	6	Electric	0.9472970072105851
com	CA	6	Natural Gas	0.926680287524637
com	CA	7	Electric	0.8483454056933629
com	CA	7	Natural Gas	0.9451680868489115
com	CA	8	Electric	0.8418885249688923
com	CA	8	Natural Gas	0.9298614749839362
com	CA	9	Electric	1.0099666943777503
com	CA	9	Natural Gas	1.0220995546978213
com	CA	10	Electric	1.0471706331559167
com	CA	10	Natural Gas	1.0403477751865076
com	CA	11	Electric	0.881382503608846
com	CA	11	Natural Gas	0.9791578388200995
com	CA	12	Electric	1.011619731203107
com	CA	12	Natural Gas	0.8218510645909005
com	CO	1	Electric	0.7757063782745215
com	CO	1	Natural Gas	0.7191408353605202
com	CO	2	Electric	0.7912893834742754
com	CO	2	Natural Gas	0.6070023115973414
com	CO	3	Electric	0.822945361299528
com	CO	3	Natural Gas	0.8627795840048245
com	CO	4	Electric	0.8322724749288029
com	CO	4	Natural Gas	0.7673933988279565
com	CO	5	Electric	0.8605902447749181
com	CO	5	Natural Gas	0.8260999908871699
com	CO	6	Electric	0.8361588197437907
com	CO	6	Natural Gas	0.6653538255678257
com	CO	7	Electric	0.8179987768814797
com	CO	7	Natural Gas	0.5858774176073529
com	CO	8	Electric	0.9070577285413849
com	CO	8	Natural Gas	0.5874946661802085
com	CO	9	Electric	0.9223111734356338
com	CO	9	Natural Gas	0.6461912858015554
com	CO	10	Electric	0.845859672033198
com	CO	10	Natural Gas	0.6280362614467542
com	CO	11	Electric	0.7293110890014933
com	CO	11	Natural Gas	0.6578125151932558
com	CO	12	Electric	0.7100718389356909
com	CO	12	Natural Gas	0.6146022760891807
com	CT	1	Electric	0.8022536937367682
com	CT	1	Natural Gas	1.1967272125580553
com	CT	2	Electric	0.9100063065398042
com	CT	2	Natural Gas	1.547793304143735
com	CT	3	Electric	0.857933027716794
com	CT	3	Natural Gas	1.2123713911558707
com	CT	4	Electric	0.8176765501614471
com	CT	4	Natural Gas	1.037323440938212
com	CT	5	Electric	0.9001030763419736
com	CT	5	Natural Gas	0.9501270440646541
com	CT	6	Electric	0.9762897439154462
com	CT	6	Natural Gas	0.8530690089676464
com	CT	7	Electric	0.9270057855697171
com	CT	7	Natural Gas	0.9126173819159581
com	CT	8	Electric	0.8652610264835596
com	CT	8	Natural Gas	0.9113815556252987
com	CT	9	Electric	0.8926833564931975
com	CT	9	Natural Gas	0.935973961970439
com	CT	10	Electric	0.8546555238271317
com	CT	10	Natural Gas	1.062233900310137
com	CT	11	Electric	0.8134742243732039
com	CT	11	Natural Gas	1.1648381187451216
com	CT	12	Electric	0.8239631499054169
com	CT	12	Natural Gas	1.4151848203558408
com	DC	1	Electric	1.0414520302717742
com	DC	1	Natural Gas	0.9006070150042785
com	DC	2	Electric	1.128860235556804
com	DC	2	Natural Gas	1.57429605204979
com	DC	3	Electric	1.0297627710186301
com	DC	3	Natural Gas	1.1124429408138068
com	DC	4	Electric	1.0267081001951346
com	DC	4	Natural Gas	1.576591089784594
com	DC	5	Electric	1.0261674122275735
com	DC	5	Natural Gas	2.0804028744647995
com	DC	6	Electric	1.0588848295219344
com	DC	6	Natural Gas	1.9039436038923256
com	DC	7	Electric	1.1377119069123842
com	DC	7	Natural Gas	1.976593246640488
com	DC	8	Electric	1.0665387332228575
com	DC	8	Natural Gas	2.0410268112340164
com	DC	9	Electric	1.0500358540856405
com	DC	9	Natural Gas	2.175771583019112
com	DC	10	Electric	1.0189295299599253
com	DC	10	Natural Gas	1.8182038252490151
com	DC	11	Electric	1.0422750669178757
com	DC	11	Natural Gas	1.348485050799127
com	DC	12	Electric	1.0589341573426814
com	DC	12	Natural Gas	1.3301648797308652
com	DE	1	Electric	0.8735347530321699
com	DE	1	Natural Gas	0.7146445686780986
com	DE	2	Electric	0.9954813769292296
com	DE	2	Natural Gas	1.0801603796488162
com	DE	3	Electric	0.9410145644411229
com	DE	3	Natural Gas	0.7345514347411162
com	DE	4	Electric	0.9094127329699141
com	DE	4	Natural Gas	1.1230697623669024
com	DE	5	Electric	0.914378900852264
com	DE	5	Natural Gas	1.5577646642799483
com	DE	6	Electric	1.063247431397409
com	DE	6	Natural Gas	1.4132092700803986
com	DE	7	Electric	1.0099646558185382
com	DE	7	Natural Gas	1.466008948495623
com	DE	8	Electric	0.9550689726351992
com	DE	8	Natural Gas	1.4648612626148483
com	DE	9	Electric	0.9434594858907779
com	DE	9	Natural Gas	1.5829512979750147
com	DE	10	Electric	0.9397057919199315
com	DE	10	Natural Gas	1.6107958980667618
com	DE	11	Electric	0.8887156963853
com	DE	11	Natural Gas	1.187903722192264
com	DE	12	Electric	0.9665107132417494
com	DE	12	Natural Gas	1.1590103025254543
com	FL	1	Electric	0.8107446210963638
com	FL	1	Natural Gas	0.8766025049377122
com	FL	2	Electric	0.8942498939852852
com	FL	2	Natural Gas	1.137795007080668
com	FL	3	Electric	0.9635562303710966
com	FL	3	Natural Gas	0.9477021465522616
com	FL	4	Electric	0.8836926964988319
com	FL	4	Natural Gas	0.9155309110682375
com	FL	5	Electric	0.9010794045572537
com	FL	5	Natural Gas	0.8392607847232003
com	FL	6	Electric	0.9091132799378553
com	FL	6	Natural Gas	0.8527616463328321
com	FL	7	Electric	0.9313235661007703
com	FL	7	Natural Gas	0.795139890539582
com	FL	8	Electric	0.9312550413785485
com	FL	8	Natural Gas	0.7888310741084282
com	FL	9	Electric	0.9378424275119385
com	FL	9	Natural Gas	0.8418086366045028
com	FL	10	Electric	0.906262410981318
com	FL	10	Natural Gas	0.8465774317166778
com	FL	11	Electric	0.9033849264493062
com	FL	11	Natural Gas	0.9228984974278034
com	FL	12	Electric	0.9219006861013257
com	FL	12	Natural Gas	0.9821181752051071
com	GA	1	Electric	0.78271841833788
com	GA	1	Natural Gas	0.5663863976058459
com	GA	2	Electric	0.9971458475541287
com	GA	2	Natural Gas	1.3239561065847307
com	GA	3	Electric	0.9511125157591743
com	GA	3	Natural Gas	0.8024439308526687
com	GA	4	Electric	0.983354116541441
com	GA	4	Natural Gas	0.9290740891406862
com	GA	5	Electric	0.8575899588215524
com	GA	5	Natural Gas	0.9704056938040627
com	GA	6	Electric	0.8819955610703242
com	GA	6	Natural Gas	0.8650663734601776
com	GA	7	Electric	0.914636362350452
com	GA	7	Natural Gas	0.8139030536198404
com	GA	8	Electric	0.917919593362402
com	GA	8	Natural Gas	0.8279658349027963
com	GA	9	Electric	0.8620851943706783
com	GA	9	Natural Gas	0.8644076954318014
com	GA	10	Electric	0.9372695816280656
com	GA	10	Natural Gas	0.9849323262244456
com	GA	11	Electric	0.9130793799015215
com	GA	11	Natural Gas	0.7257755026841138
com	GA	12	Electric	0.9003567501345027
com	GA	12	Natural Gas	0.8782464584027978
com	IA	1	Electric	0.9161914745622896
com	IA	1	Natural Gas	1.0335416999191804
com	IA	2	Electric	1.0191601794353553
com	IA	2	Natural Gas	1.1215299586982552
com	IA	3	Electric	0.9940969949779958
com	IA	3	Natural Gas	1.1331489838370172
com	IA	4	Electric	0.9316529160823698
com	IA	4	Natural Gas	0.8834014633964219
com	IA	5	Electric	0.8393537574189809
com	IA	5	Natural Gas	1.0381762718227203
com	IA	6	Electric	0.8703362566791942
com	IA	6	Natural Gas	0.944923859389308
com	IA	7	Electric	0.9001726482649229
com	IA	7	Natural Gas	0.9214754305117304
com	IA	8	Electric	0.8929781484309811
com	IA	8	Natural Gas	0.9229549344914832
com	IA	9	Electric	0.8948568330256473
com	IA	9	Natural Gas	0.8921351919568792
com	IA	10	Electric	0.9671449598908897
com	IA	10	Natural Gas	1.1920641031287647
com	IA	11	Electric	0.901970184021454
com	IA	11	Natural Gas	0.9123355930967019
com	IA	12	Electric	0.9718741464078409
com	IA	12	Natural Gas	1.201700685312609
com	ID	1	Electric	1.0407847197158957
com	ID	1	Natural Gas	0.953057052405541
com	ID	2	Electric	0.9965027227807634
com	ID	2	Natural Gas	0.8035434650811536
com	ID	3	Electric	1.0316225851384693
com	ID	3	Natural Gas	0.9673805751240472
com	ID	4	Electric	1.1030744467178704
com	ID	4	Natural Gas	1.059355247061654
com	ID	5	Electric	0.9526846321737652
com	ID	5	Natural Gas	1.1725840418892934
com	ID	6	Electric	0.8231131469055155
com	ID	6	Natural Gas	1.018281111720718
com	ID	7	Electric	0.771696463776519
com	ID	7	Natural Gas	0.9260574024019214
com	ID	8	Electric	0.8481288235711999
com	ID	8	Natural Gas	1.0996301930897543
com	ID	9	Electric	1.0148938859431327
com	ID	9	Natural Gas	1.165977226772286
com	ID	10	Electric	1.16287260566974
com	ID	10	Natural Gas	1.2643340710694986
com	ID	11	Electric	1.0219534982415384
com	ID	11	Natural Gas	0.9184006029721562
com	ID	12	Electric	0.9784952239783042
com	ID	12	Natural Gas	0.8345566859953033
com	IL	1	Electric	0.96750893883583855
com	IL	1	Natural Gas	0.9122263673092692
com	IL	2	Electric	1.0860605066187903
com	IL	2	Natural Gas	1.1242994413336989
com	IL	3	Electric	1.0600402266341324
com	IL	3	Natural Gas	1.217894367372987
com	IL	4	Electric	1.0059603992113977
com	IL	4	Natural Gas	0.9930459052505993
com	IL	5	Electric	0.959000951120412
com	IL	5	Natural Gas	1.461470194241727
com	IL	6	Electric	0.9881749920719349
com	IL	6	Natural Gas	1.1448226832515653
com	IL	7	Electric	0.9965690894149444
com	IL	7	Natural Gas	1.145634172900618
com	IL	8	Electric	0.9742167424115968
com	IL	8	Natural Gas	1.1296599516035362
com	IL	9	Electric	0.9879827752631595
com	IL	9	Natural Gas	1.252920867003049
com	IL	10	Electric	1.0314960572209304
com	IL	10	Natural Gas	1.3167158880689125
com	IL	11	Electric	0.9563102687084789
com	IL	11	Natural Gas	0.8854018220293496
com	IL	12	Electric	1.0005209234721715
com	IL	12	Natural Gas	1.1822280783296715
com	IN	1	Electric	0.8297291631114688
com	IN	1	Natural Gas	0.8913494664462087
com	IN	2	Electric	1.0255373466387148
com	IN	2	Natural Gas	1.150242286547389
com	IN	3	Electric	0.979442696636049
com	IN	3	Natural Gas	0.909076630047657
com	IN	4	Electric	0.9647762784163874
com	IN	4	Natural Gas	0.7489753001171755
com	IN	5	Electric	0.8870791109465674
com	IN	5	Natural Gas	0.9464339870008596
com	IN	6	Electric	0.9148401778482604
com	IN	6	Natural Gas	0.8068050730170198
com	IN	7	Electric	0.9216421465706388
com	IN	7	Natural Gas	0.7757747960171081
com	IN	8	Electric	0.9356347007468933
com	IN	8	Natural Gas	0.8303432801704275
com	IN	9	Electric	0.9531573943023365
com	IN	9	Natural Gas	0.9740867654855662
com	IN	10	Electric	0.9826176518633059
com	IN	10	Natural Gas	1.1564083997171823
com	IN	11	Electric	0.9017473225826796
com	IN	11	Natural Gas	0.9181072553628491
com	IN	12	Electric	0.9066226745490038
com	IN	12	Natural Gas	1.1284095717863816
com	KS	1	Electric	0.9508184243331957
com	KS	1	Natural Gas	0.9900877199173419
com	KS	2	Electric	1.0458882193063008
com	KS	2	Natural Gas	1.1332184508400698
com	KS	3	Electric	1.0061138027034189
com	KS	3	Natural Gas	1.2475195212857118
com	KS	4	Electric	0.9859422355101259
com	KS	4	Natural Gas	0.921432650287726
com	KS	5	Electric	0.9593789795461254
com	KS	5	Natural Gas	1.1065954740324553
com	KS	6	Electric	1.0123370405054963
com	KS	6	Natural Gas	1.0827746024195302
com	KS	7	Electric	0.999066361758445
com	KS	7	Natural Gas	1.0564602435610742
com	KS	8	Electric	1.0479634537682572
com	KS	8	Natural Gas	1.1225568094893623
com	KS	9	Electric	1.1237080694166766
com	KS	9	Natural Gas	0.9958061152260733
com	KS	10	Electric	1.050477347604338
com	KS	10	Natural Gas	1.1319376676194737
com	KS	11	Electric	0.9337823621776806
com	KS	11	Natural Gas	0.913856365486596
com	KS	12	Electric	0.9250183243535459
com	KS	12	Natural Gas	1.1292345741846783
com	KY	1	Electric	0.8719196034616599
com	KY	1	Natural Gas	0.7582618510436707
com	KY	2	Electric	0.9985595995328194
com	KY	2	Natural Gas	1.190013427078295
com	KY	3	Electric	0.9074572511687831
com	KY	3	Natural Gas	0.8989758873514344
com	KY	4	Electric	0.9106836406746273
com	KY	4	Natural Gas	0.8094974445351014
com	KY	5	Electric	0.8462094105538809
com	KY	5	Natural Gas	1.0125253746624494
com	KY	6	Electric	0.9325219901892489
com	KY	6	Natural Gas	0.7832993038801841
com	KY	7	Electric	0.9964817913877273
com	KY	7	Natural Gas	0.7141613663197455
com	KY	8	Electric	0.9768790283941875
com	KY	8	Natural Gas	0.7966925129573538
com	KY	9	Electric	0.9423334059046842
com	KY	9	Natural Gas	0.8965630866685922
com	KY	10	Electric	0.9176595601277318
com	KY	10	Natural Gas	0.9889089977474298
com	KY	11	Electric	0.8938675047749481
com	KY	11	Natural Gas	0.8002710469846515
com	KY	12	Electric	0.9122378945259092
com	KY	12	Natural Gas	1.0761697652766855
com	LA	1	Electric	1.0157188646787116
com	LA	1	Natural Gas	0.6254540958394105
com	LA	2	Electric	1.1338217040898457
com	LA	2	Natural Gas	0.9487421411821023
com	LA	3	Electric	1.0382917070771733
com	LA	3	Natural Gas	1.0669241548310655
com	LA	4	Electric	1.0430812782510122
com	LA	4	Natural Gas	0.9371415407371232
com	LA	5	Electric	0.8984499051794508
com	LA	5	Natural Gas	0.8581616597347159
com	LA	6	Electric	0.9524888394088715
com	LA	6	Natural Gas	0.8821435952104658
com	LA	7	Electric	0.9900822540605216
com	LA	7	Natural Gas	0.8590987147764525
com	LA	8	Electric	1.0014237725469026
com	LA	8	Natural Gas	0.9054846368876196
com	LA	9	Electric	1.07224148632752
com	LA	9	Natural Gas	0.9324546791133279
com	LA	10	Electric	1.0678246789186039
com	LA	10	Natural Gas	0.9283028172979609
com	LA	11	Electric	1.0345404477424933
com	LA	11	Natural Gas	0.8323740811298891
com	LA	12	Electric	1.034396597014423
com	LA	12	Natural Gas	0.8730890883018655
com	MA	1	Electric	0.9181539092957588
com	MA	1	Natural Gas	1.2523240015742367
com	MA	2	Electric	1.0651290922807244
com	MA	2	Natural Gas	1.691541775662887
com	MA	3	Electric	0.9796219249891291
com	MA	3	Natural Gas	1.2549358151713825
com	MA	4	Electric	0.9854357639068039
com	MA	4	Natural Gas	1.090455011087198
com	MA	5	Electric	0.9620113755813612
com	MA	5	Natural Gas	0.9372716902944821
com	MA	6	Electric	1.0192580074410582
com	MA	6	Natural Gas	0.789461200361624
com	MA	7	Electric	0.9740308446390709
com	MA	7	Natural Gas	0.7964534623282079
com	MA	8	Electric	0.9381829997398535
com	MA	8	Natural Gas	0.803049510201557
com	MA	9	Electric	1.013358336589577
com	MA	9	Natural Gas	0.8933060851011627
com	MA	10	Electric	0.936914900515067
com	MA	10	Natural Gas	0.9743009959320625
com	MA	11	Electric	0.9050492572110688
com	MA	11	Natural Gas	1.206263362595064
com	MA	12	Electric	0.9116824095308935
com	MA	12	Natural Gas	1.375243411802234
com	MD	1	Electric	0.9078791533020113
com	MD	1	Natural Gas	0.8087019401415585
com	MD	2	Electric	1.0361403735273107
com	MD	2	Natural Gas	1.2251242669292717
com	MD	3	Electric	0.9520419836396364
com	MD	3	Natural Gas	0.9458621753109379
com	MD	4	Electric	0.9717376986552239
com	MD	4	Natural Gas	1.4594792998388186
com	MD	5	Electric	0.9879269773257519
com	MD	5	Natural Gas	2.484517230435442
com	MD	6	Electric	1.0590047598443784
com	MD	6	Natural Gas	2.1395904259006424
com	MD	7	Electric	1.08045588745528
com	MD	7	Natural Gas	2.073370528732705
com	MD	8	Electric	1.0183785942179875
com	MD	8	Natural Gas	2.03388677607486
com	MD	9	Electric	0.9941855899784698
com	MD	9	Natural Gas	2.239354506490103
com	MD	10	Electric	0.9823248228254221
com	MD	10	Natural Gas	1.935112638374635
com	MD	11	Electric	0.949666013993047
com	MD	11	Natural Gas	1.1719758441969037
com	MD	12	Electric	0.9941439312198173
com	MD	12	Natural Gas	1.220212852299269
com	ME	1	Electric	0.8720676638769644
com	ME	1	Natural Gas	0.74981291852034
com	ME	2	Electric	0.9865727033283902
com	ME	2	Natural Gas	0.84054883656469
com	ME	3	Electric	0.9603912642508768
com	ME	3	Natural Gas	0.6720214219880022
com	ME	4	Electric	0.9366180553776456
com	ME	4	Natural Gas	0.5046043268747378
com	ME	5	Electric	0.8863213055512948
com	ME	5	Natural Gas	0.35477570919010376
com	ME	6	Electric	0.9097724643604588
com	ME	6	Natural Gas	0.25728383484260403
com	ME	7	Electric	0.8565633110795661
com	ME	7	Natural Gas	0.23645821989455643
com	ME	8	Electric	0.8652852229547737
com	ME	8	Natural Gas	0.24055615968408858
com	ME	9	Electric	0.962533542656592
com	ME	9	Natural Gas	0.273289854664674
com	ME	10	Electric	0.8662367821947468
com	ME	10	Natural Gas	0.3790197538386985
com	ME	11	Electric	0.7952866815907778
com	ME	11	Natural Gas	0.5797100206090563
com	ME	12	Electric	0.8521337234561452
com	ME	12	Natural Gas	0.7147081325865093
com	MI	1	Electric	1.1445826542143853
com	MI	1	Natural Gas	0.8747237528910609
com	MI	2	Electric	1.3276363607528894
com	MI	2	Natural Gas	1.1688858890561422
com	MI	3	Electric	1.2750164739018595
com	MI	3	Natural Gas	1.0625118562110958
com	MI	4	Electric	1.2160899889950776
com	MI	4	Natural Gas	0.9555197910365029
com	MI	5	Electric	1.0715832065266122
com	MI	5	Natural Gas	1.419555508590693
com	MI	6	Electric	1.0667254083111797
com	MI	6	Natural Gas	1.0127059591210736
com	MI	7	Electric	1.1238130252291316
com	MI	7	Natural Gas	0.9370063433652076
com	MI	8	Electric	1.0944342157761744
com	MI	8	Natural Gas	1.019170049773867
com	MI	9	Electric	1.0835819900282087
com	MI	9	Natural Gas	1.0299022218586615
com	MI	10	Electric	1.1635415746921298
com	MI	10	Natural Gas	1.0790271572373789
com	MI	11	Electric	1.1131318388697604
com	MI	11	Natural Gas	0.8863757127310775
com	MI	12	Electric	1.1877142832488072
com	MI	12	Natural Gas	1.1171436722057884
com	MN	1	Electric	0.8266820483330618
com	MN	1	Natural Gas	1.0928489515299566
com	MN	2	Electric	0.9138530810843059
com	MN	2	Natural Gas	1.1002855060474033
com	MN	3	Electric	0.9358609825423287
com	MN	3	Natural Gas	1.3249835126983687
com	MN	4	Electric	0.8609870942091494
com	MN	4	Natural Gas	0.9789006847561463
com	MN	5	Electric	0.799149591599094
com	MN	5	Natural Gas	1.0690715068720924
com	MN	6	Electric	0.8197907119095922
com	MN	6	Natural Gas	0.7925421719340605
com	MN	7	Electric	0.8622548114752316
com	MN	7	Natural Gas	0.6857551520534287
com	MN	8	Electric	0.847527962665965
com	MN	8	Natural Gas	0.7818076718906954
com	MN	9	Electric	0.8440239225507533
com	MN	9	Natural Gas	0.7165549161967653
com	MN	10	Electric	0.8737142842813966
com	MN	10	Natural Gas	0.9877287838897948
com	MN	11	Electric	0.8226142514922181
com	MN	11	Natural Gas	0.9524966877762042
com	MN	12	Electric	0.8759169680227481
com	MN	12	Natural Gas	1.161303301820044
com	MO	1	Electric	0.8297991556685232
com	MO	1	Natural Gas	0.8397147855532265
com	MO	2	Electric	0.9259223974573291
com	MO	2	Natural Gas	0.920068954109268
com	MO	3	Electric	0.8687651017663933
com	MO	3	Natural Gas	0.951504232861376
com	MO	4	Electric	0.8463407709033655
com	MO	4	Natural Gas	0.60875860732117
com	MO	5	Electric	0.7966922832087759
com	MO	5	Natural Gas	0.6945188090694009
com	MO	6	Electric	0.8425147743385447
com	MO	6	Natural Gas	0.5644899094427531
com	MO	7	Electric	0.8618603893298505
com	MO	7	Natural Gas	0.5252564571453456
com	MO	8	Electric	0.8625623817857845
com	MO	8	Natural Gas	0.5439116759132583
com	MO	9	Electric	0.9074283334500636
com	MO	9	Natural Gas	0.5889176603324384
com	MO	10	Electric	0.8481998609832953
com	MO	10	Natural Gas	0.7387779972059414
com	MO	11	Electric	0.7673481383887952
com	MO	11	Natural Gas	0.7025950490331244
com	MO	12	Electric	0.7957486375728811
com	MO	12	Natural Gas	0.8817673897928524
com	MS	1	Electric	1.0430169176486057
com	MS	1	Natural Gas	0.9565047840756415
com	MS	2	Electric	1.2364141052648683
com	MS	2	Natural Gas	1.7470708681145968
com	MS	3	Electric	1.1589608545466146
com	MS	3	Natural Gas	1.4244584862330982
com	MS	4	Electric	1.1624005745747632
com	MS	4	Natural Gas	1.1091732341730682
com	MS	5	Electric	1.0300913214139444
com	MS	5	Natural Gas	1.0497377917821864
com	MS	6	Electric	1.119186841405286
com	MS	6	Natural Gas	0.9847504908217153
com	MS	7	Electric	1.1912409224627516
com	MS	7	Natural Gas	0.9570391493298686
com	MS	8	Electric	1.2267741744008696
com	MS	8	Natural Gas	0.9579308860646069
com	MS	9	Electric	1.2473438087705422
com	MS	9	Natural Gas	0.9918846810083228
com	MS	10	Electric	1.208323573766161
com	MS	10	Natural Gas	1.1535411296647409
com	MS	11	Electric	1.1340589293898036
com	MS	11	Natural Gas	1.0446324751858058
com	MS	12	Electric	1.1288380487120544
com	MS	12	Natural Gas	1.2501151735762994
com	MT	1	Electric	1.616521116357077
com	MT	1	Natural Gas	1.6334459400904102
com	MT	2	Electric	1.7109745580829463
com	MT	2	Natural Gas	1.3291840613369115
com	MT	3	Electric	1.5333540679825575
com	MT	3	Natural Gas	1.667794345427113
com	MT	4	Electric	1.6364633414091156
com	MT	4	Natural Gas	1.8973837470095278
com	MT	5	Electric	1.5627220316214012
com	MT	5	Natural Gas	2.564080589040537
com	MT	6	Electric	1.4570196886988005
com	MT	6	Natural Gas	2.119585603964673
com	MT	7	Electric	1.3085702049546384
com	MT	7	Natural Gas	2.0534210441229144
com	MT	8	Electric	1.4182582305448543
com	MT	8	Natural Gas	2.008732316380102
com	MT	9	Electric	1.5126372071113152
com	MT	9	Natural Gas	1.7363419053918288
com	MT	10	Electric	1.506754129513211
com	MT	10	Natural Gas	1.6476777621348981
com	MT	11	Electric	1.3750006802993888
com	MT	11	Natural Gas	1.5374200382856624
com	MT	12	Electric	1.4689304685166127
com	MT	12	Natural Gas	1.4863510003721205
com	NC	1	Electric	0.8355694225649025
com	NC	1	Natural Gas	0.710293234849375
com	NC	2	Electric	1.026551160610541
com	NC	2	Natural Gas	1.2102513148935155
com	NC	3	Electric	0.94857369984205
com	NC	3	Natural Gas	0.7094238236010145
com	NC	4	Electric	0.9996893765611736
com	NC	4	Natural Gas	0.9218596911594381
com	NC	5	Electric	0.929093451848713
com	NC	5	Natural Gas	1.0464320669540756
com	NC	6	Electric	0.9147039222565518
com	NC	6	Natural Gas	0.8765977246444142
com	NC	7	Electric	0.9987392766118969
com	NC	7	Natural Gas	0.8389041320382629
com	NC	8	Electric	0.9717789177290899
com	NC	8	Natural Gas	0.9102120309008704
com	NC	9	Electric	0.9711502693891054
com	NC	9	Natural Gas	1.022023802468797
com	NC	10	Electric	0.9808991707324596
com	NC	10	Natural Gas	1.12322429688756
com	NC	11	Electric	0.9329561413156415
com	NC	11	Natural Gas	0.9455772035475365
com	NC	12	Electric	0.8761661312055933
com	NC	12	Natural Gas	1.0018392157158211
com	ND	1	Electric	2.451879180105134
com	ND	1	Natural Gas	1.4763574311183107
com	ND	2	Electric	2.5866830997490373
com	ND	2	Natural Gas	1.3221788152449796
com	ND	3	Electric	3.0854333371696034
com	ND	3	Natural Gas	1.7510024631017618
com	ND	4	Electric	2.9792895073326737
com	ND	4	Natural Gas	1.5245538107722625
com	ND	5	Electric	2.884927125373924
com	ND	5	Natural Gas	1.5712925697205349
com	ND	6	Electric	2.6944623879138008
com	ND	6	Natural Gas	0.9484484372213028
com	ND	7	Electric	2.6515950175173555
com	ND	7	Natural Gas	0.7830309039400611
com	ND	8	Electric	2.66679102002
com	ND	8	Natural Gas	0.8551244117352508
com	ND	9	Electric	2.935607610208549
com	ND	9	Natural Gas	0.799364503832674
com	ND	10	Electric	3.1177503374846953
com	ND	10	Natural Gas	1.0965114754815573
com	ND	11	Electric	2.9227330219317458
com	ND	11	Natural Gas	1.2079654177191372
com	ND	12	Electric	2.901886837869419
com	ND	12	Natural Gas	1.5186686995367678
com	NE	1	Electric	1.147325060450125
com	NE	1	Natural Gas	1.135118035027013
com	NE	2	Electric	1.2552247505904335
com	NE	2	Natural Gas	1.1157998709291699
com	NE	3	Electric	1.2593861505123425
com	NE	3	Natural Gas	1.2578411044230164
com	NE	4	Electric	1.2087616813961952
com	NE	4	Natural Gas	0.8995925336578117
com	NE	5	Electric	1.1762503366445958
com	NE	5	Natural Gas	1.1697513439574005
com	NE	6	Electric	1.2238620779305935
com	NE	6	Natural Gas	1.1341373755626887
com	NE	7	Electric	1.171753871256014
com	NE	7	Natural Gas	0.9679225652346023
com	NE	8	Electric	1.236828146734932
com	NE	8	Natural Gas	0.8809247314883066
com	NE	9	Electric	1.3162515223618738
com	NE	9	Natural Gas	0.8829962009008363
com	NE	10	Electric	1.328199989475542
com	NE	10	Natural Gas	1.0102318568326947
com	NE	11	Electric	1.1644455144359942
com	NE	11	Natural Gas	0.9904814259979188
com	NE	12	Electric	1.1797509597144846
com	NE	12	Natural Gas	1.2393146581113212
com	NH	1	Electric	0.9413741983657101
com	NH	1	Natural Gas	0.844527354163016
com	NH	2	Electric	1.0545748549891993
com	NH	2	Natural Gas	1.0112895058790456
com	NH	3	Electric	0.9870979237893648
com	NH	3	Natural Gas	0.7381297461102893
com	NH	4	Electric	0.9668239346014815
com	NH	4	Natural Gas	0.5591748996042379
com	NH	5	Electric	0.974355954678001
com	NH	5	Natural Gas	0.35495594407985126
com	NH	6	Electric	1.054402570132222
com	NH	6	Natural Gas	0.24391537983045034
com	NH	7	Electric	1.0058547817036196
com	NH	7	Natural Gas	0.2275943744146095
com	NH	8	Electric	0.9277467352813671
com	NH	8	Natural Gas	0.22589165964958577
com	NH	9	Electric	0.9890214851430995
com	NH	9	Natural Gas	0.2856107855174331
com	NH	10	Electric	0.940339424760085
com	NH	10	Natural Gas	0.3672269367661323
com	NH	11	Electric	0.9246941534913661
com	NH	11	Natural Gas	0.48496448092815925
com	NH	12	Electric	0.9533702025495466
com	NH	12	Natural Gas	0.8803927942693899
com	NJ	1	Electric	1.0503334227407262
com	NJ	1	Natural Gas	0.995106288749653
com	NJ	2	Electric	1.231734197045383
com	NJ	2	Natural Gas	1.3706097849784644
com	NJ	3	Electric	1.186742789706533
com	NJ	3	Natural Gas	1.0168856521736471
com	NJ	4	Electric	1.120309909719199
com	NJ	4	Natural Gas	1.118980483865619
com	NJ	5	Electric	1.129722434815427
com	NJ	5	Natural Gas	1.0985661762160812
com	NJ	6	Electric	1.1932846903863645
com	NJ	6	Natural Gas	1.0018438824418114
com	NJ	7	Electric	1.2015666620906984
com	NJ	7	Natural Gas	0.9361271484324815
com	NJ	8	Electric	1.135742009848582
com	NJ	8	Natural Gas	0.8274447768367335
com	NJ	9	Electric	1.1332527378663597
com	NJ	9	Natural Gas	0.8901572247915893
com	NJ	10	Electric	1.1504568629625092
com	NJ	10	Natural Gas	0.9567800677920404
com	NJ	11	Electric	1.0536741623740273
com	NJ	11	Natural Gas	1.0073145111066275
com	NJ	12	Electric	1.1375046184672784
com	NJ	12	Natural Gas	1.2980033602900514
com	NM	1	Electric	1.1467669516239993
com	NM	1	Natural Gas	1.2389216213407186
com	NM	2	Electric	1.1998677319115236
com	NM	2	Natural Gas	1.3850545438002504
com	NM	3	Electric	1.2041219348859904
com	NM	3	Natural Gas	1.7760534997578863
com	NM	4	Electric	1.2012557729090811
com	NM	4	Natural Gas	1.3453102685719063
com	NM	5	Electric	1.254117416483437
com	NM	5	Natural Gas	1.2672670771739023
com	NM	6	Electric	1.2961769222723194
com	NM	6	Natural Gas	1.2542057379683276
com	NM	7	Electric	1.3034505873710507
com	NM	7	Natural Gas	1.2740966821695008
com	NM	8	Electric	1.3716985985608285
com	NM	8	Natural Gas	1.3732737907536436
com	NM	9	Electric	1.4009987188950546
com	NM	9	Natural Gas	1.494030112530817
com	NM	10	Electric	1.2329748922394934
com	NM	10	Natural Gas	1.5313750844915417
com	NM	11	Electric	1.0895235456214045
com	NM	11	Natural Gas	1.3701208109079839
com	NM	12	Electric	1.0243809582252772
com	NM	12	Natural Gas	1.1034518578886836
com	NV	1	Electric	0.7652913743820942
com	NV	1	Natural Gas	1.1792723238664744
com	NV	2	Electric	0.8325308359491402
com	NV	2	Natural Gas	1.0633647820272347
com	NV	3	Electric	0.786136704025039
com	NV	3	Natural Gas	1.26337727080311
com	NV	4	Electric	0.8072249857539127
com	NV	4	Natural Gas	1.245785817238432
com	NV	5	Electric	0.8116833666321619
com	NV	5	Natural Gas	1.1125709100597678
com	NV	6	Electric	0.7994195832859453
com	NV	6	Natural Gas	1.0483226242645136
com	NV	7	Electric	0.7018524833270147
com	NV	7	Natural Gas	0.9809950951344352
com	NV	8	Electric	0.7164843092293424
com	NV	8	Natural Gas	0.9398550120953816
com	NV	9	Electric	0.8152655542124786
com	NV	9	Natural Gas	1.0282746675837
com	NV	10	Electric	0.8492832354899355
com	NV	10	Natural Gas	1.1101417775614797
com	NV	11	Electric	0.6991653822536645
com	NV	11	Natural Gas	1.0227496928839035
com	NV	12	Electric	0.6416248340571195
com	NV	12	Natural Gas	0.842648417226867
com	NY	1	Electric	1.0436169840367724
com	NY	1	Natural Gas	0.9465155438301789
com	NY	2	Electric	1.2103969843948483
com	NY	2	Natural Gas	1.2695698636751653
com	NY	3	Electric	1.111700979420243
com	NY	3	Natural Gas	1.0233760251705413
com	NY	4	Electric	1.142168612885956
com	NY	4	Natural Gas	0.942549392674327
com	NY	5	Electric	1.072824784933063
com	NY	5	Natural Gas	1.1681342528650867
com	NY	6	Electric	1.1264167995796812
com	NY	6	Natural Gas	1.0969682854296956
com	NY	7	Electric	1.0844432037644136
com	NY	7	Natural Gas	1.1101285788234683
com	NY	8	Electric	1.0651041742743825
com	NY	8	Natural Gas	1.0313062692402244
com	NY	9	Electric	1.1571868695703582
com	NY	9	Natural Gas	1.0291907912104246
com	NY	10	Electric	1.1077363817392982
com	NY	10	Natural Gas	0.9917929615605007
com	NY	11	Electric	1.082288478172435
com	NY	11	Natural Gas	1.0377784027362709
com	NY	12	Electric	1.1079962275431456
com	NY	12	Natural Gas	1.189718557459254
com	OH	1	Electric	0.8371799402475427
com	OH	1	Natural Gas	0.7992548215220805
com	OH	2	Electric	0.991399498720526
com	OH	2	Natural Gas	1.0554435137572595
com	OH	3	Electric	0.9476590134613183
com	OH	3	Natural Gas	0.8682423618677334
com	OH	4	Electric	0.9680353498504715
com	OH	4	Natural Gas	0.786384753135482
com	OH	5	Electric	0.9829855173259648
com	OH	5	Natural Gas	1.014654784090038
com	OH	6	Electric	0.986813540649011
com	OH	6	Natural Gas	0.848508307746256
com	OH	7	Electric	0.9891776473008936
com	OH	7	Natural Gas	0.7017644185855362
com	OH	8	Electric	0.9313515616150243
com	OH	8	Natural Gas	0.702403471054952
com	OH	9	Electric	0.9458269072863783
com	OH	9	Natural Gas	0.7204838991828695
com	OH	10	Electric	1.0182419401198117
com	OH	10	Natural Gas	0.7847221544123723
com	OH	11	Electric	0.9290503733376777
com	OH	11	Natural Gas	0.8226015612605716
com	OH	12	Electric	0.9336608735216977
com	OH	12	Natural Gas	1.0412855376616277
com	OK	1	Electric	0.9795051401044953
com	OK	1	Natural Gas	0.8206629333578621
com	OK	2	Electric	1.0380801996104316
com	OK	2	Natural Gas	0.8804977762706433
com	OK	3	Electric	1.0621194905436364
com	OK	3	Natural Gas	1.3377067389494899
com	OK	4	Electric	1.0564955298384864
com	OK	4	Natural Gas	0.7667067749990778
com	OK	5	Electric	1.027944891572211
com	OK	5	Natural Gas	1.0260767366819916
com	OK	6	Electric	1.0703157760855042
com	OK	6	Natural Gas	0.8428024208643897
com	OK	7	Electric	1.0664525217167997
com	OK	7	Natural Gas	0.8008823789244295
com	OK	8	Electric	1.1078386161009408
com	OK	8	Natural Gas	0.8243246028124891
com	OK	9	Electric	1.1718266646446174
com	OK	9	Natural Gas	0.8789603353236862
com	OK	10	Electric	1.1462266896942634
com	OK	10	Natural Gas	0.9005552970986626
com	OK	11	Electric	1.0361524582149833
com	OK	11	Natural Gas	0.7253820555398833
com	OK	12	Electric	1.007125037327009
com	OK	12	Natural Gas	0.8371647465836637
com	OR	1	Electric	1.269109256888073
com	OR	1	Natural Gas	1.414586994441574
com	OR	2	Electric	1.2623250599812594
com	OR	2	Natural Gas	1.303670261495909
com	OR	3	Electric	1.1404026327973722
com	OR	3	Natural Gas	1.4392652290823762
com	OR	4	Electric	1.1028603371969403
com	OR	4	Natural Gas	1.3831496979143285
com	OR	5	Electric	1.0468236633139256
com	OR	5	Natural Gas	1.2457997418975972
com	OR	6	Electric	1.0099760806330862
com	OR	6	Natural Gas	0.9485784531635021
com	OR	7	Electric	0.9869838483465573
com	OR	7	Natural Gas	0.7669384021514472
com	OR	8	Electric	1.0248322454292316
com	OR	8	Natural Gas	0.7964255359500508
com	OR	9	Electric	1.0980030155285632
com	OR	9	Natural Gas	0.8746787679560076
com	OR	10	Electric	1.1154581666600643
com	OR	10	Natural Gas	1.240227579455388
com	OR	11	Electric	1.1447925641431627
com	OR	11	Natural Gas	1.444652005111027
com	OR	12	Electric	1.222709702562847
com	OR	12	Natural Gas	1.3382258102107698
com	PA	1	Electric	0.6980988770640196
com	PA	1	Natural Gas	0.8361587996514681
com	PA	2	Electric	0.8116812531110661
com	PA	2	Natural Gas	1.1626036207373438
com	PA	3	Electric	0.7308094863225174
com	PA	3	Natural Gas	0.861123125345345
com	PA	4	Electric	0.753875853779024
com	PA	4	Natural Gas	0.7835235903169554
com	PA	5	Electric	0.7495583524936308
com	PA	5	Natural Gas	0.8052196911948171
com	PA	6	Electric	0.761713004486635
com	PA	6	Natural Gas	0.6164806198964647
com	PA	7	Electric	0.7996561044393283
com	PA	7	Natural Gas	0.5484657935693563
com	PA	8	Electric	0.7631602089083275
com	PA	8	Natural Gas	0.6109549658902076
com	PA	9	Electric	0.7671028555312632
com	PA	9	Natural Gas	0.665185124250062
com	PA	10	Electric	0.7612857807448424
com	PA	10	Natural Gas	0.8029340463855753
com	PA	11	Electric	0.7082666417927953
com	PA	11	Natural Gas	0.9173901551765022
com	PA	12	Electric	0.7394582840835233
com	PA	12	Natural Gas	1.1639267354900722
com	RI	1	Electric	0.9880822532045915
com	RI	1	Natural Gas	0.8655313127466443
com	RI	2	Electric	1.0950746946205374
com	RI	2	Natural Gas	1.0740140522342325
com	RI	3	Electric	1.1458806620570088
com	RI	3	Natural Gas	0.7894151467857498
com	RI	4	Electric	1.159729229747168
com	RI	4	Natural Gas	0.6180659933153823
com	RI	5	Electric	1.1853638495766523
com	RI	5	Natural Gas	0.43179864385403066
com	RI	6	Electric	1.224280514319279
com	RI	6	Natural Gas	0.30909401209287235
com	RI	7	Electric	1.1768696081042511
com	RI	7	Natural Gas	0.2529784862030239
com	RI	8	Electric	1.0829167229626844
com	RI	8	Natural Gas	0.24643479702405524
com	RI	9	Electric	1.130378083291356
com	RI	9	Natural Gas	0.29697451386733126
com	RI	10	Electric	1.0614780798819559
com	RI	10	Natural Gas	0.32858750514234253
com	RI	11	Electric	0.9684019340888921
com	RI	11	Natural Gas	0.6558242548843324
com	RI	12	Electric	0.979316624366179
com	RI	12	Natural Gas	0.8361029997487226
com	SC	1	Electric	0.7602609148618101
com	SC	1	Natural Gas	0.627291350695297
com	SC	2	Electric	0.9352454466460748
com	SC	2	Natural Gas	1.2250842620152176
com	SC	3	Electric	0.9026033334944747
com	SC	3	Natural Gas	0.8150810825034803
com	SC	4	Electric	0.8925783204061488
com	SC	4	Natural Gas	0.9178716847410356
com	SC	5	Electric	0.8678392537382811
com	SC	5	Natural Gas	0.927115128004427
com	SC	6	Electric	0.8319340998818264
com	SC	6	Natural Gas	0.8996600875013674
com	SC	7	Electric	0.8897098001549582
com	SC	7	Natural Gas	0.8360106181981306
com	SC	8	Electric	0.8958117946686323
com	SC	8	Natural Gas	0.8284750709514408
com	SC	9	Electric	0.8696499263996744
com	SC	9	Natural Gas	0.8941216928693149
com	SC	10	Electric	0.8810647617119349
com	SC	10	Natural Gas	1.0124146535575242
com	SC	11	Electric	0.8249356274727668
com	SC	11	Natural Gas	0.9249020474645036
com	SC	12	Electric	0.8786740734732686
com	SC	12	Natural Gas	0.8816278413117768
com	SD	1	Electric	1.7078272969565742
com	SD	1	Natural Gas	1.526937147416971
com	SD	2	Electric	1.818479250802281
com	SD	2	Natural Gas	1.322597812381306
com	SD	3	Electric	1.9407282157244858
com	SD	3	Natural Gas	1.612753765279868
com	SD	4	Electric	1.9168468350577352
com	SD	4	Natural Gas	1.344492381213953
com	SD	5	Electric	1.7279879349655853
com	SD	5	Natural Gas	1.2194126928131261
com	SD	6	Electric	1.7654066606516146
com	SD	6	Natural Gas	0.8811766519856581
com	SD	7	Electric	1.7741962750519955
com	SD	7	Natural Gas	0.7726892227807358
com	SD	8	Electric	1.8485498413563588
com	SD	8	Natural Gas	0.7558959569128607
com	SD	9	Electric	1.9650213018210951
com	SD	9	Natural Gas	0.7794952002190048
com	SD	10	Electric	1.919763954828664
com	SD	10	Natural Gas	0.91888210253389635
com	SD	11	Electric	1.7341741459561482
com	SD	11	Natural Gas	1.0945164267398324
com	SD	12	Electric	1.7767417380258494
com	SD	12	Natural Gas	1.5894994841645986
com	TN	1	Electric	0.8530789086605078
com	TN	1	Natural Gas	0.8391316469000882
com	TN	2	Electric	1.1011934451960637
com	TN	2	Natural Gas	NA
com	TN	3	Electric	0.9838963791666997
com	TN	3	Natural Gas	1.1558624869781249
com	TN	4	Electric	1.0026710945331472
com	TN	4	Natural Gas	1.0396224272099415
com	TN	5	Electric	0.907676574946442
com	TN	5	Natural Gas	1.0593868532963058
com	TN	6	Electric	0.9727295702089976
com	TN	6	Natural Gas	0.9495605978137778
com	TN	7	Electric	1.0433924017347622
com	TN	7	Natural Gas	0.8919232567035597
com	TN	8	Electric	1.0719210505183896
com	TN	8	Natural Gas	NA
com	TN	9	Electric	1.0897792295113051
com	TN	9	Natural Gas	1.050238817763497
com	TN	10	Electric	1.031749869948832
com	TN	10	Natural Gas	1.239951877817902
com	TN	11	Electric	0.9422414758912114
com	TN	11	Natural Gas	0.9192485152948792
com	TN	12	Electric	0.9474608029718669
com	TN	12	Natural Gas	1.1625143784944687
com	TX	1	Electric	1.0042989936944944
com	TX	1	Natural Gas	0.7033077966394937
com	TX	2	Electric	1.1283671255807837
com	TX	2	Natural Gas	1.0739798762037107
com	TX	3	Electric	1.0428365991166342
com	TX	3	Natural Gas	1.2957589577133148
com	TX	4	Electric	1.065692832284425
com	TX	4	Natural Gas	0.9943032279142859
com	TX	5	Electric	0.8773369518909364
com	TX	5	Natural Gas	0.9851634803838937
com	TX	6	Electric	0.9289270675192021
com	TX	6	Natural Gas	0.9598728310248361
com	TX	7	Electric	0.9475026212390004
com	TX	7	Natural Gas	1.019643430501761
com	TX	8	Electric	0.9459300745124604
com	TX	8	Natural Gas	0.9758665840482244
com	TX	9	Electric	1.0020464835157008
com	TX	9	Natural Gas	0.9954630978881556
com	TX	10	Electric	1.0640285769852975
com	TX	10	Natural Gas	1.034814716286314
com	TX	11	Electric	1.0126005556850168
com	TX	11	Natural Gas	0.8800105040579812
com	TX	12	Electric	1.0326108627287958
com	TX	12	Natural Gas	0.9101916442857754
com	UT	1	Electric	1.0334878187442638
com	UT	1	Natural Gas	1.1499344848501456
com	UT	2	Electric	1.1282175632443852
com	UT	2	Natural Gas	1.0136691231573933
com	UT	3	Electric	1.0125353812348068
com	UT	3	Natural Gas	1.1873006310027596
com	UT	4	Electric	1.0394878634900742
com	UT	4	Natural Gas	1.379891642084771
com	UT	5	Electric	1.0690197836338655
com	UT	5	Natural Gas	1.6417240710952612
com	UT	6	Electric	1.03108452069276
com	UT	6	Natural Gas	1.6279403569132553
com	UT	7	Electric	0.9692937925111438
com	UT	7	Natural Gas	1.4601334833862927
com	UT	8	Electric	1.0661740281662442
com	UT	8	Natural Gas	1.228259487974651
com	UT	9	Electric	1.0562664916897142
com	UT	9	Natural Gas	1.153189227975111
com	UT	10	Electric	1.1466930204414516
com	UT	10	Natural Gas	1.0182389248683024
com	UT	11	Electric	1.1155407415115604
com	UT	11	Natural Gas	1.1108053620887677
com	UT	12	Electric	1.0069953188003873
com	UT	12	Natural Gas	0.9906686030859801
com	VA	1	Electric	1.3657935938501542
com	VA	1	Natural Gas	0.734137298820942
com	VA	2	Electric	1.7166779743390763
com	VA	2	Natural Gas	1.305849370863496
com	VA	3	Electric	1.552264964461028
com	VA	3	Natural Gas	0.880911925310068
com	VA	4	Electric	1.6828182743929283
com	VA	4	Natural Gas	1.3767333018926116
com	VA	5	Electric	1.616728067403381
com	VA	5	Natural Gas	1.6444201547966295
com	VA	6	Electric	1.6531355157190313
com	VA	6	Natural Gas	1.5120391577186436
com	VA	7	Electric	1.7366235274296389
com	VA	7	Natural Gas	1.4326294784407645
com	VA	8	Electric	1.6613146630921667
com	VA	8	Natural Gas	1.5128197722697287
com	VA	9	Electric	1.6318954397538172
com	VA	9	Natural Gas	1.6112394478429435
com	VA	10	Electric	1.6931195757796877
com	VA	10	Natural Gas	1.620484673946921
com	VA	11	Electric	1.697259786402857
com	VA	11	Natural Gas	1.0844232883043272
com	VA	12	Electric	1.5898803574922578
com	VA	12	Natural Gas	1.0834365574682716
com	VT	1	Electric	1.3330621931309068
com	VT	1	Natural Gas	1.4324912586760459
com	VT	2	Electric	1.498519985283503
com	VT	2	Natural Gas	1.6286766211817367
com	VT	3	Electric	1.4659472325013194
com	VT	3	Natural Gas	1.405468453382311
com	VT	4	Electric	1.417240883362183
com	VT	4	Natural Gas	1.1690980612093582
com	VT	5	Electric	1.458339236696489
com	VT	5	Natural Gas	0.9541174020542099
com	VT	6	Electric	1.5244674990947347
com	VT	6	Natural Gas	1.0018032507041432
com	VT	7	Electric	1.4217238470441185
com	VT	7	Natural Gas	1.111116355937703
com	VT	8	Electric	1.3803448676650374
com	VT	8	Natural Gas	1.171603577467736
com	VT	9	Electric	1.4095960261436196
com	VT	9	Natural Gas	1.1346094996667015
com	VT	10	Electric	1.3659882456189438
com	VT	10	Natural Gas	1.2469195115775047
com	VT	11	Electric	1.3001119224832685
com	VT	11	Natural Gas	1.4239786314205725
com	VT	12	Electric	1.357716085004705
com	VT	12	Natural Gas	1.5246984331820284
com	WA	1	Electric	1.1905556348848174
com	WA	1	Natural Gas	1.5575924887004249
com	WA	2	Electric	1.1791285080506015
com	WA	2	Natural Gas	1.4159103867116631
com	WA	3	Electric	1.0494696847561371
com	WA	3	Natural Gas	1.5638229248184747
com	WA	4	Electric	1.0954212488796864
com	WA	4	Natural Gas	1.6830454080837403
com	WA	5	Electric	1.084760466670641
com	WA	5	Natural Gas	1.6664954219035135
com	WA	6	Electric	1.0509898572772403
com	WA	6	Natural Gas	1.4210144357336147
com	WA	7	Electric	1.0457548149234586
com	WA	7	Natural Gas	1.244327839342855
com	WA	8	Electric	1.1015232665508434
com	WA	8	Natural Gas	1.2648432728814165
com	WA	9	Electric	1.1600995586285927
com	WA	9	Natural Gas	1.329118650814183
com	WA	10	Electric	1.1532726366249348
com	WA	10	Natural Gas	1.601430276066253
com	WA	11	Electric	1.1575681341507285
com	WA	11	Natural Gas	1.6438399787104938
com	WA	12	Electric	1.1422118922615676
com	WA	12	Natural Gas	1.4599207649175725
com	WI	1	Electric	1.049508646403865
com	WI	1	Natural Gas	0.9978158980209352
com	WI	2	Electric	1.2121717882326086
com	WI	2	Natural Gas	1.0388096018327713
com	WI	3	Electric	1.2287262934939112
com	WI	3	Natural Gas	1.1412297289381703
com	WI	4	Electric	1.1481152276116104
com	WI	4	Natural Gas	0.8891202848387292
com	WI	5	Electric	1.0228614702393533
com	WI	5	Natural Gas	1.1642959527668557
com	WI	6	Electric	1.0144705846046438
com	WI	6	Natural Gas	0.9292843205065495
com	WI	7	Electric	1.0593585252088105
com	WI	7	Natural Gas	0.9241756123631566
com	WI	8	Electric	1.0402787491855712
com	WI	8	Natural Gas	0.9378351084007527
com	WI	9	Electric	1.050779748530721
com	WI	9	Natural Gas	0.9044722906585043
com	WI	10	Electric	1.127269618144843
com	WI	10	Natural Gas	1.040480001116284
com	WI	11	Electric	1.0582867515645968
com	WI	11	Natural Gas	0.9409772088669637
com	WI	12	Electric	1.1259812060110874
com	WI	12	Natural Gas	1.0985625113034594
com	WV	1	Electric	0.7932563210676533
com	WV	1	Natural Gas	0.7927220926611841
com	WV	2	Electric	0.8850936512536033
com	WV	2	Natural Gas	1.278186426947676
com	WV	3	Electric	0.83893657944912
com	WV	3	Natural Gas	0.9182337891874565
com	WV	4	Electric	0.8218149879925387
com	WV	4	Natural Gas	1.045400201556025
com	WV	5	Electric	0.8383101304663518
com	WV	5	Natural Gas	1.4352631892888106
com	WV	6	Electric	0.8531311977846688
com	WV	6	Natural Gas	1.276621965250837
com	WV	7	Electric	0.8912043995708215
com	WV	7	Natural Gas	1.2368668775395435
com	WV	8	Electric	0.8532493660722579
com	WV	8	Natural Gas	1.3023772377212184
com	WV	9	Electric	0.805460500841075
com	WV	9	Natural Gas	1.4426190978409974
com	WV	10	Electric	0.8667808088497246
com	WV	10	Natural Gas	1.246038035729632
com	WV	11	Electric	0.8239960414890203
com	WV	11	Natural Gas	0.8992116721269328
com	WV	12	Electric	0.8364639912008823
com	WV	12	Natural Gas	1.0381304100709943
com	WY	1	Electric	1.8719500713027515
com	WY	1	Natural Gas	1.400971697850666
com	WY	2	Electric	1.9298598311130148
com	WY	2	Natural Gas	1.1332208371426862
com	WY	3	Electric	1.9343870628164892
com	WY	3	Natural Gas	1.603969225241846
com	WY	4	Electric	2.023960240715878
com	WY	4	Natural Gas	1.7725318248420865
com	WY	5	Electric	1.9953867639773857
com	WY	5	Natural Gas	2.0227893277395546
com	WY	6	Electric	1.7923682119640396
com	WY	6	Natural Gas	1.7481670205528845
com	WY	7	Electric	1.5916955026555892
com	WY	7	Natural Gas	1.2415168609546747
com	WY	8	Electric	1.8114668599607742
com	WY	8	Natural Gas	1.0352649982178317
com	WY	9	Electric	1.9031183448298588
com	WY	9	Natural Gas	1.2809422955772325
com	WY	10	Electric	2.025654489051608
com	WY	10	Natural Gas	0.9522147001774446
com	WY	11	Electric	1.935147303415522
com	WY	11	Natural Gas	1.2882122805239
com	WY	12	Electric	1.7834392787171323
com	WY	12	Natural Gas	1.1863659872567653
res	AL	1	Electric	0.9874537066942657
res	AL	1	Natural Gas	0.9700516860633962
res	AL	2	Electric	1.3043941683988252
res	AL	2	Natural Gas	1.8757286726338613
res	AL	3	Electric	1.0738204773212756
res	AL	3	Natural Gas	1.108674649804494
res	AL	4	Electric	1.0309391874035856
res	AL	4	Natural Gas	0.9595012419902548
res	AL	5	Electric	0.9335639452982505
res	AL	5	Natural Gas	0.8053170395736403
res	AL	6	Electric	1.1021965723579816
res	AL	6	Natural Gas	0.590747792466369
res	AL	7	Electric	1.230109534201346
res	AL	7	Natural Gas	0.5200606507053918
res	AL	8	Electric	1.2728576855928961
res	AL	8	Natural Gas	0.5220895438533818
res	AL	9	Electric	1.0736675392445423
res	AL	9	Natural Gas	0.5945682111181394
res	AL	10	Electric	0.9696764588498904
res	AL	10	Natural Gas	0.6974965359584089
res	AL	11	Electric	1.0156273613341023
res	AL	11	Natural Gas	0.68438913682354785
res	AL	12	Electric	1.1511285131046913
res	AL	12	Natural Gas	1.0420732100583834
res	AR	1	Electric	0.8356215115077767
res	AR	1	Natural Gas	0.9155484384321836
res	AR	2	Electric	1.0550744117069522
res	AR	2	Natural Gas	1.3545324290477374
res	AR	3	Electric	1.0690108819645778
res	AR	3	Natural Gas	1.7912572468672823
res	AR	4	Electric	0.8834463311407051
res	AR	4	Natural Gas	0.9775031995632257
res	AR	5	Electric	0.7279743187518578
res	AR	5	Natural Gas	1.0692776443840828
res	AR	6	Electric	0.8455781317131439
res	AR	6	Natural Gas	0.6046531424641846
res	AR	7	Electric	1.0433511961230817
res	AR	7	Natural Gas	0.5384775854785433
res	AR	8	Electric	1.1574544369688435
res	AR	8	Natural Gas	0.5372788899524237
res	AR	9	Electric	1.1575270727371652
res	AR	9	Natural Gas	0.607993313696415
res	AR	10	Electric	0.9841473321961768
res	AR	10	Natural Gas	0.5991907240374827
res	AR	11	Electric	0.8090925347577446
res	AR	11	Natural Gas	0.5755572524330285
res	AR	12	Electric	0.8920883395011941
res	AR	12	Natural Gas	0.9332638036901474
res	AZ	1	Electric	1.1484027997923179
res	AZ	1	Natural Gas	1.1483032793829495
res	AZ	2	Electric	1.0725751117108426
res	AZ	2	Natural Gas	1.0792025698872063
res	AZ	3	Electric	0.9977020758369564
res	AZ	3	Natural Gas	0.9699850990353567
res	AZ	4	Electric	0.9271375791521285
res	AZ	4	Natural Gas	0.7097055304658654
res	AZ	5	Electric	1.0030944354435323
res	AZ	5	Natural Gas	0.4675690373214719
res	AZ	6	Electric	1.071307403691217
res	AZ	6	Natural Gas	0.41440170571131296
res	AZ	7	Electric	1.1850662191660524
res	AZ	7	Natural Gas	0.32359061619037655
res	AZ	8	Electric	1.1641328321033217
res	AZ	8	Natural Gas	0.3113286361230492
res	AZ	9	Electric	1.0476822573208895
res	AZ	9	Natural Gas	0.3310769849310795
res	AZ	10	Electric	1.162775179314891
res	AZ	10	Natural Gas	0.3516808377954635
res	AZ	11	Electric	1.025173624652402
res	AZ	11	Natural Gas	0.5677405018541881
res	AZ	12	Electric	1.0835934197290278
res	AZ	12	Natural Gas	0.7014249224988431
res	CA	1	Electric	0.9951944161621957
res	CA	1	Natural Gas	NA
res	CA	2	Electric	0.8759526746696307
res	CA	2	Natural Gas	1.1062197857304537
res	CA	3	Electric	0.94904041415216
res	CA	3	Natural Gas	1.0672785325593874
res	CA	4	Electric	0.8731401994367924
res	CA	4	Natural Gas	1.103796476484694
res	CA	5	Electric	0.9460924631913766
res	CA	5	Natural Gas	1.0249298440120096
res	CA	6	Electric	1.0093706675205372
res	CA	6	Natural Gas	1.039529140661006
res	CA	7	Electric	1.0870491287664807
res	CA	7	Natural Gas	0.9863889144343552
res	CA	8	Electric	1.180068085575276
res	CA	8	Natural Gas	0.8627120956543011
res	CA	9	Electric	1.1823210214526991
res	CA	9	Natural Gas	0.8755536612664705
res	CA	10	Electric	0.9896009791555678
res	CA	10	Natural Gas	0.9281155656078001
res	CA	11	Electric	0.8994683665071606
res	CA	11	Natural Gas	1.143579325786168
res	CA	12	Electric	0.9551966745367596
res	CA	12	Natural Gas	1.130497433187044
res	CO	1	Electric	0.83142640650011
res	CO	1	Natural Gas	1.0954565594523882
res	CO	2	Electric	0.8129733457274894
res	CO	2	Natural Gas	0.9901042642342968
res	CO	3	Electric	0.8959009293396949
res	CO	3	Natural Gas	1.258852909585884
res	CO	4	Electric	0.8670298624269377
res	CO	4	Natural Gas	1.1730474742312267
res	CO	5	Electric	0.8990212017738703
res	CO	5	Natural Gas	1.234533994414784
res	CO	6	Electric	1.0117835042763803
res	CO	6	Natural Gas	1.0382354791701016
res	CO	7	Electric	1.1233112378002676
res	CO	7	Natural Gas	0.8592549255594639
res	CO	8	Electric	1.2257609383112757
res	CO	8	Natural Gas	0.903214984875854
res	CO	9	Electric	1.0591679279017912
res	CO	9	Natural Gas	1.04067709837356
res	CO	10	Electric	0.9179020037653021
res	CO	10	Natural Gas	0.937351009391472
res	CO	11	Electric	0.8474734799005463
res	CO	11	Natural Gas	1.056496878479422
res	CO	12	Electric	0.8316264195713156
res	CO	12	Natural Gas	0.9940460589963034
res	CT	1	Electric	1.1156001291638562
res	CT	1	Natural Gas	1.0512705461722671
res	CT	2	Electric	1.1526225011632325
res	CT	2	Natural Gas	1.4829069131729689
res	CT	3	Electric	1.0659622036969825
res	CT	3	Natural Gas	1.1934553840245135
res	CT	4	Electric	1.0425374624354136
res	CT	4	Natural Gas	1.180124365929654
res	CT	5	Electric	1.0320117260519852
res	CT	5	Natural Gas	NA
res	CT	6	Electric	1.2805502390232857
res	CT	6	Natural Gas	1.500573719296488
res	CT	7	Electric	1.3758399752096062
res	CT	7	Natural Gas	1.3360105154289237
res	CT	8	Electric	1.2813053035751345
res	CT	8	Natural Gas	1.251421641786141
res	CT	9	Electric	1.1583626207846263
res	CT	9	Natural Gas	1.2323227103236671
res	CT	10	Electric	1.012319598000783
res	CT	10	Natural Gas	1.054950972086458
res	CT	11	Electric	1.0705421473180912
res	CT	11	Natural Gas	1.0570998476726448
res	CT	12	Electric	1.1854633585233991
res	CT	12	Natural Gas	1.2916858044614126
res	DC	1	Electric	0.771428699323823
res	DC	1	Natural Gas	0.9378413698697752
res	DC	2	Electric	0.9151677215486096
res	DC	2	Natural Gas	1.3607927812799645
res	DC	3	Electric	0.7954379681807389
res	DC	3	Natural Gas	0.9097758284455256
res	DC	4	Electric	0.8642387100780877
res	DC	4	Natural Gas	1.13539033729151
res	DC	5	Electric	0.7683129878721433
res	DC	5	Natural Gas	1.5364251369569986
res	DC	6	Electric	0.8711346700613846
res	DC	6	Natural Gas	0.9669225573537132
res	DC	7	Electric	0.9533828559416929
res	DC	7	Natural Gas	0.695492908457602
res	DC	8	Electric	0.907232814206879
res	DC	8	Natural Gas	0.608171441515493
res	DC	9	Electric	0.9463726585878688
res	DC	9	Natural Gas	0.8784334461788307
res	DC	10	Electric	0.8300437562513054
res	DC	10	Natural Gas	0.8977956469533462
res	DC	11	Electric	0.8069395740580039
res	DC	11	Natural Gas	1.0422408256836024
res	DC	12	Electric	0.8640201671354122
res	DC	12	Natural Gas	1.3329697252202921
res	DE	1	Electric	0.8348867428879927
res	DE	1	Natural Gas	0.8393283875548563
res	DE	2	Electric	1.0760305542536872
res	DE	2	Natural Gas	1.1612351576062419
res	DE	3	Electric	0.9468454027812763
res	DE	3	Natural Gas	0.7809810089781739
res	DE	4	Electric	0.9546774133654088
res	DE	4	Natural Gas	0.8692885777911137
res	DE	5	Electric	0.8341162562008085
res	DE	5	Natural Gas	1.0001748211136496
res	DE	6	Electric	0.997867268301901
res	DE	6	Natural Gas	0.525062703047543
res	DE	7	Electric	1.0960960102606372
res	DE	7	Natural Gas	0.3738799711103544
res	DE	8	Electric	1.0641621906559446
res	DE	8	Natural Gas	0.34483636339566787
res	DE	9	Electric	1.1162120878811501
res	DE	9	Natural Gas	0.45671034522472526
res	DE	10	Electric	0.87450358415995
res	DE	10	Natural Gas	0.5667702863901467
res	DE	11	Electric	0.8285940399799349
res	DE	11	Natural Gas	0.7412275407678699
res	DE	12	Electric	0.993385139814904
res	DE	12	Natural Gas	1.0619856436421504
res	FL	1	Electric	1.013718521821446
res	FL	1	Natural Gas	0.49870517628521227
res	FL	2	Electric	1.107846733620455
res	FL	2	Natural Gas	0.6114095618654204
res	FL	3	Electric	1.146429174788785
res	FL	3	Natural Gas	0.4826364646851209
res	FL	4	Electric	1.1210399347333195
res	FL	4	Natural Gas	0.4554900367904044
res	FL	5	Electric	1.1515762775282163
res	FL	5	Natural Gas	0.3714919652927302
res	FL	6	Electric	1.2115256921966946
res	FL	6	Natural Gas	0.34951208813332546
res	FL	7	Electric	1.2951156120862286
res	FL	7	Natural Gas	0.2875279412493757
res	FL	8	Electric	1.297765793731001
res	FL	8	Natural Gas	0.2708547168963115
res	FL	9	Electric	1.1781489624652373
res	FL	9	Natural Gas	0.2896283892016113
res	FL	10	Electric	1.0591226139237901
res	FL	10	Natural Gas	0.307901679331527
res	FL	11	Electric	1.0946266935706146
res	FL	11	Natural Gas	0.37054957759786816
res	FL	12	Electric	1.0929579246132153
res	FL	12	Natural Gas	0.4592104291001042
res	GA	1	Electric	0.9890511907045383
res	GA	1	Natural Gas	1.2139975274308716
res	GA	2	Electric	1.2243878751549142
res	GA	2	Natural Gas	2.181536629699876
res	GA	3	Electric	1.0131314962005362
res	GA	3	Natural Gas	1.2917824955962736
res	GA	4	Electric	1.0031807916873712
res	GA	4	Natural Gas	1.3346118948438224
res	GA	5	Electric	0.9225544208705446
res	GA	5	Natural Gas	1.312048625509676
res	GA	6	Electric	1.0786098989840627
res	GA	6	Natural Gas	1.1278665099146106
res	GA	7	Electric	1.2136367716664647
res	GA	7	Natural Gas	1.056849017801132
res	GA	8	Electric	1.2268268817537011
res	GA	8	Natural Gas	1.0947689566307097
res	GA	9	Electric	0.9930427061795075
res	GA	9	Natural Gas	1.1323637763241359
res	GA	10	Electric	0.9414833564328228
res	GA	10	Natural Gas	1.3918613106316586
res	GA	11	Electric	1.0231340738762225
res	GA	11	Natural Gas	1.300578768494452
res	GA	12	Electric	1.126984452218603
res	GA	12	Natural Gas	1.6003046691918632
res	IA	1	Electric	1.0359603069659193
res	IA	1	Natural Gas	0.9196530504358813
res	IA	2	Electric	1.0004728242774545
res	IA	2	Natural Gas	0.9558004304086234
res	IA	3	Electric	1.0018195916471062
res	IA	3	Natural Gas	0.978792829597246
res	IA	4	Electric	0.9215853468389807
res	IA	4	Natural Gas	0.7768387046477303
res	IA	5	Electric	0.8380217475144048
res	IA	5	Natural Gas	1.5422042034002663
res	IA	6	Electric	1.0232257224718604
res	IA	6	Natural Gas	1.122421724436747
res	IA	7	Electric	1.1129770976081392
res	IA	7	Natural Gas	0.9493053198193725
res	IA	8	Electric	1.127974047655127
res	IA	8	Natural Gas	0.9438223797747695
res	IA	9	Electric	1.025665868004368
res	IA	9	Natural Gas	0.9495076846095332
res	IA	10	Electric	0.9586376591245777
res	IA	10	Natural Gas	0.8644679367035963
res	IA	11	Electric	0.8759298770820664
res	IA	11	Natural Gas	0.7315919032667692
res	IA	12	Electric	1.069588909352042
res	IA	12	Natural Gas	1.0504280314719714
res	ID	1	Electric	1.2982936372381864
res	ID	1	Natural Gas	1.1169473026889962
res	ID	2	Electric	1.2393451796645305
res	ID	2	Natural Gas	1.0174310776257762
res	ID	3	Electric	1.19231334175051
res	ID	3	Natural Gas	1.0448105231938676
res	ID	4	Electric	1.1945897753062586
res	ID	4	Natural Gas	1.2607682731485184
res	ID	5	Electric	1.096367229110086
res	ID	5	Natural Gas	1.4888974493028695
res	ID	6	Electric	1.2381152042914516
res	ID	6	Natural Gas	1.0971926865862598
res	ID	7	Electric	1.3239659345065735
res	ID	7	Natural Gas	0.8080771850998716
res	ID	8	Electric	1.2979220769301274
res	ID	8	Natural Gas	1.0164410617067494
res	ID	9	Electric	1.1682337229976918
res	ID	9	Natural Gas	1.0696272740115633
res	ID	10	Electric	1.1137613493763427
res	ID	10	Natural Gas	1.2150195678284623
res	ID	11	Electric	1.2519973563320779
res	ID	11	Natural Gas	1.2043997315215682
res	ID	12	Electric	1.2600033887585609
res	ID	12	Natural Gas	1.0153643092208737
res	IL	1	Electric	0.9827456007374301
res	IL	1	Natural Gas	NA
res	IL	2	Electric	1.0392629599670649
res	IL	2	Natural Gas	1.1692546211039028
res	IL	3	Electric	0.9542085626083566
res	IL	3	Natural Gas	1.1281758664927501
res	IL	4	Electric	0.9141978202819134
res	IL	4	Natural Gas	0.9278549500616993
res	IL	5	Electric	0.916258544879315
res	IL	5	Natural Gas	1.6574742624301473
res	IL	6	Electric	1.1591481407219748
res	IL	6	Natural Gas	1.1664389510912414
res	IL	7	Electric	1.2110293948075705
res	IL	7	Natural Gas	1.0190509575999969
res	IL	8	Electric	1.2034802844045207
res	IL	8	Natural Gas	1.02917230098668
res	IL	9	Electric	1.028743383536574
res	IL	9	Natural Gas	1.077794853027673
res	IL	10	Electric	0.9811927161151814
res	IL	10	Natural Gas	1.0169048833464278
res	IL	11	Electric	0.9395495282888872
res	IL	11	Natural Gas	0.8790913819066224
res	IL	12	Electric	1.0485309784047905
res	IL	12	Natural Gas	1.2096175398428324
res	IN	1	Electric	1.0972415605444523
res	IN	1	Natural Gas	0.8477659954630065
res	IN	2	Electric	1.2921935827256226
res	IN	2	Natural Gas	1.0635449784079734
res	IN	3	Electric	1.1086556537304697
res	IN	3	Natural Gas	0.8759338176659583
res	IN	4	Electric	1.0848719724427764
res	IN	4	Natural Gas	0.7631706947936554
res	IN	5	Electric	1.0131250862607024
res	IN	5	Natural Gas	NA
res	IN	6	Electric	1.233299027963878
res	IN	6	Natural Gas	0.77901243943036
res	IN	7	Electric	1.3650315667007988
res	IN	7	Natural Gas	0.7120918514025764
res	IN	8	Electric	1.4055628577668944
res	IN	8	Natural Gas	0.7729240927647162
res	IN	9	Electric	1.249900691672883
res	IN	9	Natural Gas	0.8473866761984414
res	IN	10	Electric	1.0971674467431505
res	IN	10	Natural Gas	0.9112353641566605
res	IN	11	Electric	1.0634449316832428
res	IN	11	Natural Gas	0.7919685446911738
res	IN	12	Electric	1.2071061437451192
res	IN	12	Natural Gas	1.04695048384355
res	KS	1	Electric	0.9878310740972585
res	KS	1	Natural Gas	1.0560831746454968
res	KS	2	Electric	0.9787256236567018
res	KS	2	Natural Gas	1.1017829494762654
res	KS	3	Electric	0.9104916593640311
res	KS	3	Natural Gas	1.2125811749372564
res	KS	4	Electric	0.834908210770234
res	KS	4	Natural Gas	0.7361854275110655
res	KS	5	Electric	0.7309852845046739
res	KS	5	Natural Gas	1.677415888553075
res	KS	6	Electric	0.9393338472487057
res	KS	6	Natural Gas	1.2115202017160043
res	KS	7	Electric	1.0346500113464963
res	KS	7	Natural Gas	1.2340067544523055
res	KS	8	Electric	1.1240237578448073
res	KS	8	Natural Gas	1.1964449437207005
res	KS	9	Electric	1.0696852067593219
res	KS	9	Natural Gas	1.2470080710644094
res	KS	10	Electric	0.9803684747386128
res	KS	10	Natural Gas	1.1193132832722728
res	KS	11	Electric	0.8793903799513423
res	KS	11	Natural Gas	0.854018117755041
res	KS	12	Electric	0.9499562431542269
res	KS	12	Natural Gas	1.0918831200179095
res	KY	1	Electric	0.7744398341890465
res	KY	1	Natural Gas	0.7899555785791318
res	KY	2	Electric	1.050420922998827
res	KY	2	Natural Gas	1.1414465228827255
res	KY	3	Electric	0.8642952009657022
res	KY	3	Natural Gas	0.773338749716984
res	KY	4	Electric	0.8808082529830179
res	KY	4	Natural Gas	0.6959511982439347
res	KY	5	Electric	0.8283914069756243
res	KY	5	Natural Gas	0.7108542095650391
res	KY	6	Electric	0.9822391365832401
res	KY	6	Natural Gas	0.4290628163929827
res	KY	7	Electric	1.1475627356048723
res	KY	7	Natural Gas	0.3535061512742603
res	KY	8	Electric	1.1574432006880095
res	KY	8	Natural Gas	0.3735923576165628
res	KY	9	Electric	1.0306687374911683
res	KY	9	Natural Gas	0.46537570492183256
res	KY	10	Electric	0.8712406315400342
res	KY	10	Natural Gas	0.683238428736094
res	KY	11	Electric	0.8028635024846146
res	KY	11	Natural Gas	0.7335581126288309
res	KY	12	Electric	0.9364164797256885
res	KY	12	Natural Gas	1.0157169638722883
res	LA	1	Electric	0.9138225514944001
res	LA	1	Natural Gas	0.8755238286499153
res	LA	2	Electric	1.2514154996031384
res	LA	2	Natural Gas	1.6290183659141877
res	LA	3	Electric	1.1284587551275396
res	LA	3	Natural Gas	1.481627051047165
res	LA	4	Electric	1.0294200550833794
res	LA	4	Natural Gas	0.9586447075875847
res	LA	5	Electric	0.8359996071409999
res	LA	5	Natural Gas	0.9181701508079432
res	LA	6	Electric	1.057753318923121
res	LA	6	Natural Gas	0.8622229488526544
res	LA	7	Electric	1.171018863196655
res	LA	7	Natural Gas	0.8747330081704053
res	LA	8	Electric	1.2381565725689438
res	LA	8	Natural Gas	0.9251486389732394
res	LA	9	Electric	1.2100422653341574
res	LA	9	Natural Gas	0.9532265045719982
res	LA	10	Electric	1.0656466389196217
res	LA	10	Natural Gas	0.9633608857411096
res	LA	11	Electric	1.044141940052412
res	LA	11	Natural Gas	0.8379189137669114
res	LA	12	Electric	1.0612024979693728
res	LA	12	Natural Gas	1.117157798850636
res	MA	1	Electric	0.9465338542564822
res	MA	1	Natural Gas	0.8574597763402977
res	MA	2	Electric	1.0647307878346335
res	MA	2	Natural Gas	1.190049010978126
res	MA	3	Electric	0.9607890885417146
res	MA	3	Natural Gas	0.9346325775116662
res	MA	4	Electric	0.9736622506909584
res	MA	4	Natural Gas	0.8682357928844081
res	MA	5	Electric	0.9286578446931588
res	MA	5	Natural Gas	1.4324112054679004
res	MA	6	Electric	1.0626590385399943
res	MA	6	Natural Gas	1.159560120856522
res	MA	7	Electric	1.094682404739918
res	MA	7	Natural Gas	1.1334402845739384
res	MA	8	Electric	1.133443968982404
res	MA	8	Natural Gas	1.016350161950078
res	MA	9	Electric	1.1525475787377248
res	MA	9	Natural Gas	1.0622211189417652
res	MA	10	Electric	0.9776237101232764
res	MA	10	Natural Gas	0.7738949145342104
res	MA	11	Electric	0.9161290208549172
res	MA	11	Natural Gas	0.8661751134198293
res	MA	12	Electric	0.9285752409893935
res	MA	12	Natural Gas	1.0651886905340617
res	MD	1	Electric	0.7401762758195727
res	MD	1	Natural Gas	0.8922127740534121
res	MD	2	Electric	0.9014624855831669
res	MD	2	Natural Gas	1.1957281530358785
res	MD	3	Electric	0.7593004109045318
res	MD	3	Natural Gas	0.800286540089832
res	MD	4	Electric	0.8180882670980306
res	MD	4	Natural Gas	0.9508817420786001
res	MD	5	Electric	0.7794293267980965
res	MD	5	Natural Gas	1.1580718715347935
res	MD	6	Electric	0.9284890463007369
res	MD	6	Natural Gas	0.695745373792554
res	MD	7	Electric	1.0128356280875288
res	MD	7	Natural Gas	0.5443880080790131
res	MD	8	Electric	0.9323682379682672
res	MD	8	Natural Gas	0.47721171125764356
res	MD	9	Electric	0.8593490483892599
res	MD	9	Natural Gas	0.6499414306973428
res	MD	10	Electric	0.7627049876821269
res	MD	10	Natural Gas	0.8324760219588917
res	MD	11	Electric	0.8068721291391596
res	MD	11	Natural Gas	0.9156025223878125
res	MD	12	Electric	0.9105622937255502
res	MD	12	Natural Gas	1.1495681855595277
res	ME	1	Electric	1.079113740254912
res	ME	1	Natural Gas	0.7455854214734997
res	ME	2	Electric	1.1970807754025425
res	ME	2	Natural Gas	0.9834546575826896
res	ME	3	Electric	1.1366324865045567
res	ME	3	Natural Gas	0.8500790873875452
res	ME	4	Electric	1.112645716167454
res	ME	4	Natural Gas	0.805428604146891
res	ME	5	Electric	0.9807642393225979
res	ME	5	Natural Gas	1.0698553152186485
res	ME	6	Electric	1.0468451405203305
res	ME	6	Natural Gas	0.7121318330943036
res	ME	7	Electric	1.0925135131238473
res	ME	7	Natural Gas	0.6421443148328513
res	ME	8	Electric	1.1836481872339666
res	ME	8	Natural Gas	0.6308247272729696
res	ME	9	Electric	1.1587148029251602
res	ME	9	Natural Gas	0.6829514307317504
res	ME	10	Electric	0.9708163622350952
res	ME	10	Natural Gas	0.5816167675475855
res	ME	11	Electric	0.9574819560411103
res	ME	11	Natural Gas	0.6799545093484147
res	ME	12	Electric	1.0069306360751726
res	ME	12	Natural Gas	0.7917929167369022
res	MI	1	Electric	0.9071245426856106
res	MI	1	Natural Gas	0.9214276269790256
res	MI	2	Electric	0.9425163018023864
res	MI	2	Natural Gas	1.0654568034555354
res	MI	3	Electric	0.9114858714461537
res	MI	3	Natural Gas	0.9793753194444658
res	MI	4	Electric	0.898841608615889
res	MI	4	Natural Gas	0.8466986384228672
res	MI	5	Electric	0.9146816920927832
res	MI	5	Natural Gas	1.5182393251135375
res	MI	6	Electric	1.1280467776675756
res	MI	6	Natural Gas	1.1090351248109722
res	MI	7	Electric	1.146339939472177
res	MI	7	Natural Gas	1.0176246108216305
res	MI	8	Electric	1.0995812891850372
res	MI	8	Natural Gas	1.0092331744577643
res	MI	9	Electric	0.9637601084851982
res	MI	9	Natural Gas	1.0890061336852734
res	MI	10	Electric	0.9568872493029064
res	MI	10	Natural Gas	1.0531613057661233
res	MI	11	Electric	0.9218090050393596
res	MI	11	Natural Gas	0.9003018106865833
res	MI	12	Electric	0.9759834955752766
res	MI	12	Natural Gas	1.0696876573122924
res	MN	1	Electric	0.9582725300577518
res	MN	1	Natural Gas	0.95598724988695
res	MN	2	Electric	0.936215448793436
res	MN	2	Natural Gas	0.9274682991646725
res	MN	3	Electric	0.9894422376726107
res	MN	3	Natural Gas	1.1296308927499485
res	MN	4	Electric	0.9189854000452554
res	MN	4	Natural Gas	0.8895873796430503
res	MN	5	Electric	0.8809849904388112
res	MN	5	Natural Gas	1.6074256477942255
res	MN	6	Electric	1.089017560458967
res	MN	6	Natural Gas	1.162870186409658
res	MN	7	Electric	1.1235345601632944
res	MN	7	Natural Gas	1.047180965567445
res	MN	8	Electric	1.1334444139908848
res	MN	8	Natural Gas	1.1763531496073316
res	MN	9	Electric	1.0266719171817726
res	MN	9	Natural Gas	0.981201056232828
res	MN	10	Electric	0.936076772874973
res	MN	10	Natural Gas	0.8497392932808956
res	MN	11	Electric	0.8963593718458206
res	MN	11	Natural Gas	0.818377329287995
res	MN	12	Electric	0.9969253262693595
res	MN	12	Natural Gas	1.0460646323651157
res	MO	1	Electric	1.2008031009352662
res	MO	1	Natural Gas	1.0938315554202298
res	MO	2	Electric	1.303800318686639
res	MO	2	Natural Gas	1.2149151158786082
res	MO	3	Electric	1.1364816167662615
res	MO	3	Natural Gas	1.0492590600073357
res	MO	4	Electric	1.0373363982760437
res	MO	4	Natural Gas	0.7662560931821575
res	MO	5	Electric	0.8631680310434049
res	MO	5	Natural Gas	1.6847172013485743
res	MO	6	Electric	1.0486294754205467
res	MO	6	Natural Gas	1.152392430781269
res	MO	7	Electric	1.1829119042880365
res	MO	7	Natural Gas	1.066946854618432
res	MO	8	Electric	1.2152723111088843
res	MO	8	Natural Gas	1.1273763222393118
res	MO	9	Electric	1.1036728223771057
res	MO	9	Natural Gas	1.165187916757238
res	MO	10	Electric	1.041645125124664
res	MO	10	Natural Gas	1.0480991971722964
res	MO	11	Electric	1.0385884455092693
res	MO	11	Natural Gas	0.8615275316617754
res	MO	12	Electric	1.2073093649825746
res	MO	12	Natural Gas	1.2069990721177435
res	MS	1	Electric	0.9932831703543085
res	MS	1	Natural Gas	0.9745223780031956
res	MS	2	Electric	1.3479597018490697
res	MS	2	Natural Gas	1.7227332039789844
res	MS	3	Electric	1.151001424966297
res	MS	3	Natural Gas	1.415989288675238
res	MS	4	Electric	1.0367549511147762
res	MS	4	Natural Gas	0.9094976674704207
res	MS	5	Electric	0.8313396503960356
res	MS	5	Natural Gas	0.7720749952365971
res	MS	6	Electric	1.027837159590946
res	MS	6	Natural Gas	0.6947260739192926
res	MS	7	Electric	1.1783891828842272
res	MS	7	Natural Gas	0.6392198930040888
res	MS	8	Electric	1.2553675094141206
res	MS	8	Natural Gas	0.6343640465807409
res	MS	9	Electric	1.2177032658269518
res	MS	9	Natural Gas	0.6476488545847822
res	MS	10	Electric	1.067870438116407
res	MS	10	Natural Gas	0.8472625087547744
res	MS	11	Electric	1.0187234529649127
res	MS	11	Natural Gas	0.9097203688312282
res	MS	12	Electric	1.091378182187631
res	MS	12	Natural Gas	1.2073564257652192
res	MT	1	Electric	1.1974256035005817
res	MT	1	Natural Gas	0.7128195996468151
res	MT	2	Electric	1.096458938223685
res	MT	2	Natural Gas	0.5850426232253596
res	MT	3	Electric	1.1697593301763503
res	MT	3	Natural Gas	0.777424091953377
res	MT	4	Electric	1.1262188573783831
res	MT	4	Natural Gas	0.7913752496543957
res	MT	5	Electric	1.0660717387449399
res	MT	5	Natural Gas	1.3039872889690463
res	MT	6	Electric	1.10045644465362
res	MT	6	Natural Gas	0.837687324875561
res	MT	7	Electric	1.1407076048467515
res	MT	7	Natural Gas	0.6052370670626751
res	MT	8	Electric	1.2902201346686406
res	MT	8	Natural Gas	0.6197400324111878
res	MT	9	Electric	1.143832431139928
res	MT	9	Natural Gas	0.5051871967474364
res	MT	10	Electric	0.9489251137721995
res	MT	10	Natural Gas	0.5846572032927526
res	MT	11	Electric	1.0536840059957588
res	MT	11	Natural Gas	0.6944641781630616
res	MT	12	Electric	1.1804644519190362
res	MT	12	Natural Gas	0.702932997457797
res	NC	1	Electric	0.8161970320474135
res	NC	1	Natural Gas	1.1462610854570108
res	NC	2	Electric	1.119403415803471
res	NC	2	Natural Gas	1.81231715361484
res	NC	3	Electric	0.8439658882917008
res	NC	3	Natural Gas	0.8609354636750666
res	NC	4	Electric	0.945381871690277
res	NC	4	Natural Gas	0.943661950462484
res	NC	5	Electric	0.8714066659510702
res	NC	5	Natural Gas	0.8188819041729275
res	NC	6	Electric	1.0034794444326194
res	NC	6	Natural Gas	0.5074408719179835
res	NC	7	Electric	1.1941545112535579
res	NC	7	Natural Gas	0.4564148782041365
res	NC	8	Electric	1.160227157239522
res	NC	8	Natural Gas	NA
res	NC	9	Electric	0.9886138112365003
res	NC	9	Natural Gas	0.5832414102162189
res	NC	10	Electric	0.8852962889335418
res	NC	10	Natural Gas	0.8740521656062251
res	NC	11	Electric	0.9080460888319903
res	NC	11	Natural Gas	1.2119235508146418
res	NC	12	Electric	1.029362163111337
res	NC	12	Natural Gas	1.6015185243743224
res	ND	1	Electric	1.3070459645795318
res	ND	1	Natural Gas	0.8741406505408928
res	ND	2	Electric	1.2260197499164955
res	ND	2	Natural Gas	0.7735139796608909
res	ND	3	Electric	1.321399129002716
res	ND	3	Natural Gas	1.0523862464085538
res	ND	4	Electric	1.2254797987251622
res	ND	4	Natural Gas	1.0384800043739346
res	ND	5	Electric	1.1530429989503579
res	ND	5	Natural Gas	2.043353117553445
res	ND	6	Electric	1.2419254710446268
res	ND	6	Natural Gas	1.4581006895865551
res	ND	7	Electric	1.3060753329483645
res	ND	7	Natural Gas	0.9661108022707042
res	ND	8	Electric	1.334453862715703
res	ND	8	Natural Gas	1.0909269611951153
res	ND	9	Electric	1.2660738688232138
res	ND	9	Natural Gas	0.6112321012199519
res	ND	10	Electric	1.1631071524585017
res	ND	10	Natural Gas	0.6111591691003498
res	ND	11	Electric	1.2216970348987344
res	ND	11	Natural Gas	0.6499606100769675
res	ND	12	Electric	1.3796765814642464
res	ND	12	Natural Gas	0.8964389120456822
res	NE	1	Electric	1.1705207624747043
res	NE	1	Natural Gas	0.9340355128464145
res	NE	2	Electric	1.1111468283106876
res	NE	2	Natural Gas	0.915244334703878
res	NE	3	Electric	1.1873343080539875
res	NE	3	Natural Gas	1.0670293401294177
res	NE	4	Electric	1.0110821819417048
res	NE	4	Natural Gas	0.7482788438128934
res	NE	5	Electric	0.9591834816102266
res	NE	5	Natural Gas	1.6091154170177184
res	NE	6	Electric	1.1161933505775943
res	NE	6	Natural Gas	1.4541792181554083
res	NE	7	Electric	1.281303109753686
res	NE	7	Natural Gas	1.13649962413415
res	NE	8	Electric	1.3137247577916376
res	NE	8	Natural Gas	1.066811615409645
res	NE	9	Electric	1.237387424031702
res	NE	9	Natural Gas	0.9101404425675746
res	NE	10	Electric	1.129819863409086
res	NE	10	Natural Gas	0.6187852900988543
res	NE	11	Electric	0.9933146930937593
res	NE	11	Natural Gas	0.6933249493120596
res	NE	12	Electric	1.1701952093067
res	NE	12	Natural Gas	0.988210253146676
res	NH	1	Electric	1.074192686103522
res	NH	1	Natural Gas	0.7602839140948365
res	NH	2	Electric	1.1316080659910217
res	NH	2	Natural Gas	1.0407237984371842
res	NH	3	Electric	1.0509870967376855
res	NH	3	Natural Gas	0.860457574518833
res	NH	4	Electric	0.9948431428353338
res	NH	4	Natural Gas	0.8377370765745424
res	NH	5	Electric	0.9353078505470885
res	NH	5	Natural Gas	1.1730657893121645
res	NH	6	Electric	1.0932193331900657
res	NH	6	Natural Gas	0.8439502875386932
res	NH	7	Electric	1.2203547263633059
res	NH	7	Natural Gas	0.9076751378828606
res	NH	8	Electric	1.2153799673355392
res	NH	8	Natural Gas	0.8937891512718261
res	NH	9	Electric	1.0799938045048367
res	NH	9	Natural Gas	0.9262603507763032
res	NH	10	Electric	0.943253774530751
res	NH	10	Natural Gas	0.5098713646377949
res	NH	11	Electric	0.9763679303511871
res	NH	11	Natural Gas	0.48279158780633114
res	NH	12	Electric	1.0838622830204931
res	NH	12	Natural Gas	0.8975182283579982
res	NJ	1	Electric	1.0208703038184537
res	NJ	1	Natural Gas	0.9799196833098365
res	NJ	2	Electric	1.066777246360416
res	NJ	2	Natural Gas	1.2534944912369206
res	NJ	3	Electric	0.9555993947708863
res	NJ	3	Natural Gas	0.9054811592591478
res	NJ	4	Electric	1.0047261803970797
res	NJ	4	Natural Gas	0.9536316179580434
res	NJ	5	Electric	1.0018994882650794
res	NJ	5	Natural Gas	1.1094241384382777
res	NJ	6	Electric	1.268763370638277
res	NJ	6	Natural Gas	0.8509559693552073
res	NJ	7	Electric	1.3859496726345657
res	NJ	7	Natural Gas	0.7253409469658622
res	NJ	8	Electric	1.2206695517282853
res	NJ	8	Natural Gas	0.6297160623781225
res	NJ	9	Electric	1.0822411554922058
res	NJ	9	Natural Gas	0.7083621443561469
res	NJ	10	Electric	0.9551807664159319
res	NJ	10	Natural Gas	0.7136179490333038
res	NJ	11	Electric	1.013789471579335
res	NJ	11	Natural Gas	0.847166373943024
res	NJ	12	Electric	1.0814905342802485
res	NJ	12	Natural Gas	1.1728408961327899
res	NM	1	Electric	0.8476238878167535
res	NM	1	Natural Gas	0.9513018391453497
res	NM	2	Electric	0.8789696314216352
res	NM	2	Natural Gas	1.2197536289009228
res	NM	3	Electric	0.7767494067365462
res	NM	3	Natural Gas	1.2802616870702717
res	NM	4	Electric	0.7043582116969678
res	NM	4	Natural Gas	1.2435070241652189
res	NM	5	Electric	0.6505156802717413
res	NM	5	Natural Gas	0.888970391764964
res	NM	6	Electric	0.7260810249167753
res	NM	6	Natural Gas	0.7801842622992174
res	NM	7	Electric	0.8543247679817151
res	NM	7	Natural Gas	0.7088869023255961
res	NM	8	Electric	0.8781758036546001
res	NM	8	Natural Gas	0.7219106351048437
res	NM	9	Electric	0.8181476946605192
res	NM	9	Natural Gas	0.7338999126908512
res	NM	10	Electric	0.8054581928042055
res	NM	10	Natural Gas	0.6359575432534302
res	NM	11	Electric	0.8057084340996037
res	NM	11	Natural Gas	0.8601151231429386
res	NM	12	Electric	0.8174812383455695
res	NM	12	Natural Gas	0.893511761542746
res	NV	1	Electric	1.0761267601801106
res	NV	1	Natural Gas	1.6569445643946354
res	NV	2	Electric	1.022253186035405
res	NV	2	Natural Gas	1.565978363957204
res	NV	3	Electric	1.0109276671783833
res	NV	3	Natural Gas	1.5090548777878807
res	NV	4	Electric	0.9353600689536962
res	NV	4	Natural Gas	1.3354119846387646
res	NV	5	Electric	1.029408633933696
res	NV	5	Natural Gas	1.063131359764708
res	NV	6	Electric	1.0808368244540438
res	NV	6	Natural Gas	0.9152969023744035
res	NV	7	Electric	1.1652602802053802
res	NV	7	Natural Gas	0.7479092474348662
res	NV	8	Electric	1.1156669180978593
res	NV	8	Natural Gas	0.6784017499360251
res	NV	9	Electric	1.0579458587214767
res	NV	9	Natural Gas	0.7523238076015067
res	NV	10	Electric	1.0727891621163657
res	NV	10	Natural Gas	0.840804037275275
res	NV	11	Electric	1.0602174968637332
res	NV	11	Natural Gas	1.0823111202673665
res	NV	12	Electric	1.08867906122931
res	NV	12	Natural Gas	1.1823874239991434
res	NY	1	Electric	0.8916817701525249
res	NY	1	Natural Gas	1.0046787724145414
res	NY	2	Electric	1.0127104679262062
res	NY	2	Natural Gas	1.3557091363568459
res	NY	3	Electric	0.9184851305645114
res	NY	3	Natural Gas	1.0747808396143717
res	NY	4	Electric	0.9221087236615506
res	NY	4	Natural Gas	0.9620893470205248
res	NY	5	Electric	0.8846238133598395
res	NY	5	Natural Gas	1.540610604309837
res	NY	6	Electric	1.0417342433812722
res	NY	6	Natural Gas	1.249308982944072
res	NY	7	Electric	1.1130367597307995
res	NY	7	Natural Gas	1.1510999862671378
res	NY	8	Electric	1.116959525520792
res	NY	8	Natural Gas	0.9804589963196634
res	NY	9	Electric	1.143900138124612
res	NY	9	Natural Gas	1.015551579419617
res	NY	10	Electric	0.9736750818334192
res	NY	10	Natural Gas	0.7998507480899663
res	NY	11	Electric	0.8983186250608947
res	NY	11	Natural Gas	0.9166226714740325
res	NY	12	Electric	0.9518120047636432
res	NY	12	Natural Gas	1.2317868996285901
res	OH	1	Electric	1.0525122505699485
res	OH	1	Natural Gas	0.851092683422549
res	OH	2	Electric	1.200187479490809
res	OH	2	Natural Gas	1.1730274994735501
res	OH	3	Electric	1.0307528382031383
res	OH	3	Natural Gas	0.8684819623205567
res	OH	4	Electric	1.0258437710223673
res	OH	4	Natural Gas	0.8377608997928265
res	OH	5	Electric	0.9678734517506848
res	OH	5	Natural Gas	1.5904664671545357
res	OH	6	Electric	1.188190356591305
res	OH	6	Natural Gas	0.958076377383593
res	OH	7	Electric	1.2948376634910193
res	OH	7	Natural Gas	0.8123210273216395
res	OH	8	Electric	1.274403759106065
res	OH	8	Natural Gas	0.8043636023930959
res	OH	9	Electric	1.1282831537305755
res	OH	9	Natural Gas	0.8576392833160364
res	OH	10	Electric	1.027558158651428
res	OH	10	Natural Gas	0.7746977740686557
res	OH	11	Electric	1.0010137848976837
res	OH	11	Natural Gas	0.8210325166204419
res	OH	12	Electric	1.1337019477451573
res	OH	12	Natural Gas	1.075604368486658
res	OK	1	Electric	0.9056493792988589
res	OK	1	Natural Gas	0.9730788400052646
res	OK	2	Electric	0.9503019819268066
res	OK	2	Natural Gas	1.020502598839877
res	OK	3	Electric	0.9911469080920373
res	OK	3	Natural Gas	1.2639899806885042
res	OK	4	Electric	0.8403795970855973
res	OK	4	Natural Gas	0.6972964128217681
res	OK	5	Electric	0.7355965807300485
res	OK	5	Natural Gas	0.9100813979198328
res	OK	6	Electric	0.8980995554186787
res	OK	6	Natural Gas	0.6304743731712201
res	OK	7	Electric	1.0096788360531703
res	OK	7	Natural Gas	0.5553442999778907
res	OK	8	Electric	1.096569524257203
res	OK	8	Natural Gas	0.5784046962036549
res	OK	9	Electric	1.0797876248374598
res	OK	9	Natural Gas	0.6259587212996223
res	OK	10	Electric	0.964976197394822
res	OK	10	Natural Gas	0.5740616194000718
res	OK	11	Electric	0.8461954249633717
res	OK	11	Natural Gas	0.6852615140641257
res	OK	12	Electric	0.932677940347345
res	OK	12	Natural Gas	0.909731734675772
res	OR	1	Electric	1.1957823105567273
res	OR	1	Natural Gas	0.7445162016072995
res	OR	2	Electric	1.1393276309475513
res	OR	2	Natural Gas	0.7007597011052473
res	OR	3	Electric	1.1567450862139699
res	OR	3	Natural Gas	0.772893897349215
res	OR	4	Electric	1.1414067300076627
res	OR	4	Natural Gas	0.870324710599102
res	OR	5	Electric	1.1121544224397562
res	OR	5	Natural Gas	1.2200217720808586
res	OR	6	Electric	1.20238894766164
res	OR	6	Natural Gas	0.9313748373898586
res	OR	7	Electric	1.2531120442885713
res	OR	7	Natural Gas	0.7518092318842321
res	OR	8	Electric	1.280169739501003
res	OR	8	Natural Gas	0.7349193515074312
res	OR	9	Electric	1.1580902443796275
res	OR	9	Natural Gas	0.7504887209994527
res	OR	10	Electric	1.1142395844921156
res	OR	10	Natural Gas	0.9453002223756776
res	OR	11	Electric	1.196787789931913
res	OR	11	Natural Gas	0.8889062148531963
res	OR	12	Electric	1.1940736106068122
res	OR	12	Natural Gas	0.7326247658590321
res	PA	1	Electric	1.0778061925238192
res	PA	1	Natural Gas	0.8593048956004953
res	PA	2	Electric	1.2096823731442405
res	PA	2	Natural Gas	1.1721541353008196
res	PA	3	Electric	1.0294778375485296
res	PA	3	Natural Gas	0.8513791325828161
res	PA	4	Electric	1.0434679747236781
res	PA	4	Natural Gas	0.7720008003793352
res	PA	5	Electric	0.9834243541061373
res	PA	5	Natural Gas	1.0585016283973763
res	PA	6	Electric	1.1444675480378772
res	PA	6	Natural Gas	0.642608682287117
res	PA	7	Electric	1.2576409727098925
res	PA	7	Natural Gas	0.5244560935176404
res	PA	8	Electric	1.2409158840077694
res	PA	8	Natural Gas	0.567865330748282
res	PA	9	Electric	1.1659225687330261
res	PA	9	Natural Gas	0.6137774665346298
res	PA	10	Electric	1.017189281988309
res	PA	10	Natural Gas	0.6823387259680235
res	PA	11	Electric	1.0409317083479401
res	PA	11	Natural Gas	0.77691829991937
res	PA	12	Electric	1.1699936445278232
res	PA	12	Natural Gas	1.0825358760761536
res	RI	1	Electric	0.9231289932951733
res	RI	1	Natural Gas	0.9139532068637449
res	RI	2	Electric	0.9575459727654887
res	RI	2	Natural Gas	1.190307262032337
res	RI	3	Electric	0.8869676355343962
res	RI	3	Natural Gas	0.8721783591948405
res	RI	4	Electric	0.9206428887792367
res	RI	4	Natural Gas	0.8112960471866254
res	RI	5	Electric	0.8714569425297898
res	RI	5	Natural Gas	1.1811224611025264
res	RI	6	Electric	1.0250523952019885
res	RI	6	Natural Gas	1.0889061996749563
res	RI	7	Electric	1.2303185720309429
res	RI	7	Natural Gas	1.1025631201483808
res	RI	8	Electric	1.209497301703736
res	RI	8	Natural Gas	1.1016854035080776
res	RI	9	Electric	1.097142413302281
res	RI	9	Natural Gas	1.0327473598920405
res	RI	10	Electric	0.9441333614967323
res	RI	10	Natural Gas	0.5882393654316398
res	RI	11	Electric	0.8908219918997234
res	RI	11	Natural Gas	0.8530313730168074
res	RI	12	Electric	0.8848332836892651
res	RI	12	Natural Gas	0.9235741024745429
res	SC	1	Electric	0.9035600795909511
res	SC	1	Natural Gas	1.2317963480118839
res	SC	2	Electric	1.200785514965625
res	SC	2	Natural Gas	2.2594297327420017
res	SC	3	Electric	0.9271040486785868
res	SC	3	Natural Gas	1.1197693410656582
res	SC	4	Electric	0.9964574243485648
res	SC	4	Natural Gas	1.1106294837796662
res	SC	5	Electric	0.952510725709159
res	SC	5	Natural Gas	0.8619606498702514
res	SC	6	Electric	1.0760400478554104
res	SC	6	Natural Gas	0.6683047838628193
res	SC	7	Electric	1.3109099936544768
res	SC	7	Natural Gas	0.5763336377409596
res	SC	8	Electric	1.2606190840667628
res	SC	8	Natural Gas	0.5716725082683503
res	SC	9	Electric	1.0459628840401265
res	SC	9	Natural Gas	0.6533892013750107
res	SC	10	Electric	0.9470895683681724
res	SC	10	Natural Gas	0.8511894622465129
res	SC	11	Electric	0.9751323400255639
res	SC	11	Natural Gas	1.1393106372039232
res	SC	12	Electric	1.083307285507162
res	SC	12	Natural Gas	1.6437659337410553
res	SD	1	Electric	1.2397268110103041
res	SD	1	Natural Gas	0.9935236115116248
res	SD	2	Electric	1.201139868109209
res	SD	2	Natural Gas	0.8620475726975353
res	SD	3	Electric	1.2717698640227337
res	SD	3	Natural Gas	1.1382865534301359
res	SD	4	Electric	1.1995275640741085
res	SD	4	Natural Gas	0.9796123808315789
res	SD	5	Electric	1.1081983632852548
res	SD	5	Natural Gas	1.7289027661027572
res	SD	6	Electric	1.2440212964380344
res	SD	6	Natural Gas	1.2740151536645532
res	SD	7	Electric	1.3114878982671085
res	SD	7	Natural Gas	0.9667314089752505
res	SD	8	Electric	1.4085954963454008
res	SD	8	Natural Gas	0.9801285802453946
res	SD	9	Electric	1.3246563462075682
res	SD	9	Natural Gas	0.8128535470873678
res	SD	10	Electric	1.1409474771671546
res	SD	10	Natural Gas	0.5811414925006549
res	SD	11	Electric	1.1050076934835624
res	SD	11	Natural Gas	0.6701359360243352
res	SD	12	Electric	1.2343902130388669
res	SD	12	Natural Gas	1.0402435179905516
res	TN	1	Electric	0.821822868863483
res	TN	1	Natural Gas	1.2105246244595265
res	TN	2	Electric	1.2759572253507376
res	TN	2	Natural Gas	NA
res	TN	3	Electric	1.020549446481979
res	TN	3	Natural Gas	1.4137232082008666
res	TN	4	Electric	1.0133990124289325
res	TN	4	Natural Gas	1.096429330685401
res	TN	5	Electric	0.8372513755554614
res	TN	5	Natural Gas	1.0366596050093224
res	TN	6	Electric	0.9999867074403342
res	TN	6	Natural Gas	0.6290997801235448
res	TN	7	Electric	1.1843039135336892
res	TN	7	Natural Gas	0.5342631265175561
res	TN	8	Electric	1.2703262950124536
res	TN	8	Natural Gas	0.5447284700614656
res	TN	9	Electric	1.2206940385818785
res	TN	9	Natural Gas	0.6591362109166453
res	TN	10	Electric	0.9982129256724988
res	TN	10	Natural Gas	0.8775457824989311
res	TN	11	Electric	0.8539495032426576
res	TN	11	Natural Gas	0.9158875867667409
res	TN	12	Electric	0.9804864509756194
res	TN	12	Natural Gas	1.4728336510495614
res	TX	1	Electric	0.9255239438807922
res	TX	1	Natural Gas	1.0619684800350715
res	TX	2	Electric	1.0869894010853238
res	TX	2	Natural Gas	1.5497095511384327
res	TX	3	Electric	1.0791078802329026
res	TX	3	Natural Gas	1.641947740727997
res	TX	4	Electric	0.9906676805955301
res	TX	4	Natural Gas	0.8914036862180457
res	TX	5	Electric	0.841362041108401
res	TX	5	Natural Gas	0.7792564277181625
res	TX	6	Electric	0.9820786527380178
res	TX	6	Natural Gas	0.758464628136779
res	TX	7	Electric	1.108612343045207
res	TX	7	Natural Gas	0.7481640931791016
res	TX	8	Electric	1.1793048015181449
res	TX	8	Natural Gas	0.6707730179378513
res	TX	9	Electric	1.3012317680686778
res	TX	9	Natural Gas	0.6802590756782622
res	TX	10	Electric	1.1387135588138417
res	TX	10	Natural Gas	0.7343645948554214
res	TX	11	Electric	0.9864563386179227
res	TX	11	Natural Gas	0.8787275737930211
res	TX	12	Electric	0.9914530125087871
res	TX	12	Natural Gas	1.1666297669083134
res	UT	1	Electric	1.0775969941506316
res	UT	1	Natural Gas	1.2051665057451233
res	UT	2	Electric	1.0771344068501987
res	UT	2	Natural Gas	1.159393978455319
res	UT	3	Electric	1.0684458647401591
res	UT	3	Natural Gas	1.2956958028035372
res	UT	4	Electric	1.0301518168287938
res	UT	4	Natural Gas	1.5978575890651014
res	UT	5	Electric	1.0182930273498205
res	UT	5	Natural Gas	1.6300076557275935
res	UT	6	Electric	1.1264092490803264
res	UT	6	Natural Gas	1.5258154279906415
res	UT	7	Electric	1.2301386786016428
res	UT	7	Natural Gas	1.337507557846758
res	UT	8	Electric	1.2625743745805877
res	UT	8	Natural Gas	1.1563345818602997
res	UT	9	Electric	1.1387528153233886
res	UT	9	Natural Gas	1.2354012055502452
res	UT	10	Electric	1.1134834352235343
res	UT	10	Natural Gas	0.9418363722835992
res	UT	11	Electric	1.1075966734266023
res	UT	11	Natural Gas	1.1693156626801533
res	UT	12	Electric	1.0832277494544948
res	UT	12	Natural Gas	1.120387276827719
res	VA	1	Electric	0.7942766911943125
res	VA	1	Natural Gas	0.9362789099812049
res	VA	2	Electric	1.0135496834307949
res	VA	2	Natural Gas	1.2683676364079397
res	VA	3	Electric	0.7851097784148421
res	VA	3	Natural Gas	0.8074069440614196
res	VA	4	Electric	0.8244344986842711
res	VA	4	Natural Gas	0.850201689102084
res	VA	5	Electric	0.8101905056078502
res	VA	5	Natural Gas	0.9643748179600221
res	VA	6	Electric	1.0200299668608643
res	VA	6	Natural Gas	0.6342778100279483
res	VA	7	Electric	1.153588087527132
res	VA	7	Natural Gas	0.5065028007105875
res	VA	8	Electric	1.0846931951112786
res	VA	8	Natural Gas	0.4752381102148029
res	VA	9	Electric	0.9434435887307346
res	VA	9	Natural Gas	0.6040843564776596
res	VA	10	Electric	0.8150195492611221
res	VA	10	Natural Gas	0.8161468843964926
res	VA	11	Electric	0.8564145461234441
res	VA	11	Natural Gas	0.9543556501259122
res	VA	12	Electric	0.9845295253149362
res	VA	12	Natural Gas	1.21319323318282
res	VT	1	Electric	1.0989432472490077
res	VT	1	Natural Gas	0.7009041250415355
res	VT	2	Electric	1.1667739914378075
res	VT	2	Natural Gas	1.0163387139599487
res	VT	3	Electric	1.0545743778893646
res	VT	3	Natural Gas	0.8590338656824796
res	VT	4	Electric	1.0052545126760486
res	VT	4	Natural Gas	0.8947683329444094
res	VT	5	Electric	0.9658245724233216
res	VT	5	Natural Gas	1.6336217614344726
res	VT	6	Electric	1.109366973497961
res	VT	6	Natural Gas	1.1039343630861838
res	VT	7	Electric	1.1731990702856532
res	VT	7	Natural Gas	0.9413866335576924
res	VT	8	Electric	1.1598554557165723
res	VT	8	Natural Gas	0.8871588294445821
res	VT	9	Electric	1.055073896915077
res	VT	9	Natural Gas	0.919680613500943
res	VT	10	Electric	0.990020459109414
res	VT	10	Natural Gas	0.5502738648227088
res	VT	11	Electric	1.010796722316071
res	VT	11	Natural Gas	0.6110819722426394
res	VT	12	Electric	1.1003368221361884
res	VT	12	Natural Gas	0.7433581475200861
res	WA	1	Electric	1.2463034525843995
res	WA	1	Natural Gas	0.7766708326652827
res	WA	2	Electric	1.187699590619523
res	WA	2	Natural Gas	0.711121139302039
res	WA	3	Electric	1.29215791800815
res	WA	3	Natural Gas	0.8197935746580277
res	WA	4	Electric	1.2762936961612446
res	WA	4	Natural Gas	0.8982082141559509
res	WA	5	Electric	1.237625007897318
res	WA	5	Natural Gas	1.3912635584379194
res	WA	6	Electric	1.2834615542923176
res	WA	6	Natural Gas	0.9632143627525296
res	WA	7	Electric	1.3007883616103841
res	WA	7	Natural Gas	0.8120322606270224
res	WA	8	Electric	1.327194888546447
res	WA	8	Natural Gas	0.8422959254915766
res	WA	9	Electric	1.238408105613082
res	WA	9	Natural Gas	0.8869642168349149
res	WA	10	Electric	1.133949678170824
res	WA	10	Natural Gas	0.9257341853225144
res	WA	11	Electric	1.163269451278853
res	WA	11	Natural Gas	0.9257175104013073
res	WA	12	Electric	1.2232318236323367
res	WA	12	Natural Gas	0.8426229932124348
res	WI	1	Electric	0.9785509778730312
res	WI	1	Natural Gas	0.8784752846837242
res	WI	2	Electric	0.9582551246959895
res	WI	2	Natural Gas	0.9392314131907864
res	WI	3	Electric	0.9728734920793097
res	WI	3	Natural Gas	1.009734931722917
res	WI	4	Electric	0.9327486923897669
res	WI	4	Natural Gas	0.8281460903014876
res	WI	5	Electric	0.9274681178039214
res	WI	5	Natural Gas	1.3244093693983443
res	WI	6	Electric	1.1689724318341392
res	WI	6	Natural Gas	0.9395266789177823
res	WI	7	Electric	1.2049527121943104
res	WI	7	Natural Gas	0.9303036662621331
res	WI	8	Electric	1.1886984277417811
res	WI	8	Natural Gas	0.8777957871064584
res	WI	9	Electric	1.056462300481789
res	WI	9	Natural Gas	0.8910127248159934
res	WI	10	Electric	0.9946983256017777
res	WI	10	Natural Gas	0.8903719902002809
res	WI	11	Electric	0.9513184462818275
res	WI	11	Natural Gas	0.7800500288975247
res	WI	12	Electric	1.0368924539692905
res	WI	12	Natural Gas	1.0314379285000723
res	WV	1	Electric	0.8325451757299805
res	WV	1	Natural Gas	0.7376100149196398
res	WV	2	Electric	1.054240211114933
res	WV	2	Natural Gas	1.1577982544172838
res	WV	3	Electric	0.8388375274296556
res	WV	3	Natural Gas	0.7716642447621983
res	WV	4	Electric	0.83143352021731
res	WV	4	Natural Gas	0.8106327267822291
res	WV	5	Electric	0.8060549214538721
res	WV	5	Natural Gas	0.8731071779815424
res	WV	6	Electric	0.8935513643796565
res	WV	6	Natural Gas	0.4454700330019851
res	WV	7	Electric	1.0284936025237224
res	WV	7	Natural Gas	0.3128761963662024
res	WV	8	Electric	1.025706209700994
res	WV	8	Natural Gas	0.3346029303429933
res	WV	9	Electric	0.8627939559597536
res	WV	9	Natural Gas	0.5495406341726045
res	WV	10	Electric	0.8052783462133392
res	WV	10	Natural Gas	0.707139219975941
res	WV	11	Electric	0.8506974998417598
res	WV	11	Natural Gas	0.6841266246361654
res	WV	12	Electric	1.0194151418559398
res	WV	12	Natural Gas	0.8834085201423741
res	WY	1	Electric	1.2169664850067745
res	WY	1	Natural Gas	0.8101827995193682
res	WY	2	Electric	1.1459499290113815
res	WY	2	Natural Gas	0.7093274751103761
res	WY	3	Electric	1.1902818119437903
res	WY	3	Natural Gas	0.9109097358587971
res	WY	4	Electric	1.1198926613217934
res	WY	4	Natural Gas	1.0098012495918531
res	WY	5	Electric	1.0208514618201228
res	WY	5	Natural Gas	1.3500609801155374
res	WY	6	Electric	1.091830916976896
res	WY	6	Natural Gas	1.159632496499907
res	WY	7	Electric	1.1264162457989957
res	WY	7	Natural Gas	0.6289947451581923
res	WY	8	Electric	1.1584080862460229
res	WY	8	Natural Gas	0.5669111825455619
res	WY	9	Electric	1.0277716009807354
res	WY	9	Natural Gas	0.6338106499127801
res	WY	10	Electric	0.9536224737948061
res	WY	10	Natural Gas	0.3918108895909001
res	WY	11	Electric	1.0529527880584877
res	WY	11	Natural Gas	0.6810915927550694
res	WY	12	Electric	1.132929623090408
res	WY	12	Natural Gas	0.700086891715536
