sector,in.state,month,calibration_multiplier
com,AL,1,0.8698284374010445
com,AR,1,0.9018462522144567
com,AZ,1,0.9999924915324231
com,CA,1,0.969452554640083
com,CO,1,0.7757111391245218
com,CT,1,0.8016338530471313
com,DC,1,1.0095959366684868
com,DE,1,0.8658728574864865
com,FL,1,0.7800160830992365
com,GA,1,0.7782349128476984
com,IA,1,0.9201546125972246
com,ID,1,1.0185069434815517
com,IL,1,0.9521913204927869
com,IN,1,0.8207137153543671
com,KS,1,0.9503507955107179
com,KY,1,0.8774203335043441
com,LA,1,1.008127833114974
com,MA,1,0.9181389935024964
com,MD,1,0.9175507271548038
com,ME,1,0.8814412963351991
com,MI,1,1.1080094295116822
com,MN,1,0.836620972094814
com,MO,1,0.8323011067430005
com,MS,1,1.0263816206296772
com,MT,1,1.5515155892127839
com,NC,1,0.8451285006351537
com,ND,1,2.5334985910464822
com,NE,1,1.1618420286867217
com,NH,1,0.9521349622052171
com,NJ,1,1.0460061959074836
com,NM,1,1.1528050885421472
com,NV,1,0.735292992254731
com,NY,1,1.0416780290422667
com,OH,1,0.8430597766459932
com,OK,1,1.0094935847957638
com,OR,1,1.2828999060288795
com,PA,1,0.7003828749614213
com,RI,1,0.9867700498703361
com,SC,1,0.7592426687991305
com,SD,1,1.8183992643921743
com,TN,1,0.8357512781793032
com,TX,1,1.020394936856875
com,UT,1,1.016831464284686
com,VA,1,1.378373070914014
com,VT,1,1.3545636706585544
com,WA,1,1.198378505447843
com,WI,1,1.0281440721710837
com,WV,1,0.8170226338237905
com,WY,1,1.8835106159629742
res,AL,1,1.0080295775212038
res,AR,1,0.8555524991980322
res,AZ,1,1.1653573736198934
res,CA,1,1.0154781107058113
res,CO,1,0.8458780305597475
res,CT,1,1.1336013936235794
res,DC,1,0.7544667424594055
res,DE,1,0.8449449670428807
res,FL,1,1.006695609864894
res,GA,1,0.9915843611635659
res,IA,1,1.0473815014330576
res,ID,1,1.3153524543298614
res,IL,1,0.9958213106156034
res,IN,1,1.1109648880993523
res,KS,1,0.9971503444205115
res,KY,1,0.7593950030039625
res,LA,1,0.9184674184831261
res,MA,1,0.963303119412163
res,MD,1,0.7390281327944703
res,ME,1,1.0994081578784565
res,MI,1,0.9234893365020824
res,MN,1,0.9734945288888693
res,MO,1,1.208227075418246
res,MS,1,0.9957038189165538
res,MT,1,1.210821914853419
res,NC,1,0.8399461573068202
res,ND,1,1.324149351490531
res,NE,1,1.1841893634531784
res,NH,1,1.0935459335117796
res,NJ,1,1.0383746015390554
res,NM,1,0.9106566787508128
res,NV,1,1.1000040212427868
res,NY,1,0.9091227730215528
res,OH,1,1.0669622050341745
res,OK,1,0.9184598377010745
res,OR,1,1.2102353880675876
res,PA,1,1.09356935022112
res,RI,1,0.9413588865017695
res,SC,1,0.9260797761990561
res,SD,1,1.2575139129998352
res,TN,1,0.8369563992884765
res,TX,1,0.9309628826013621
res,UT,1,1.1009016744294433
res,VA,1,0.8016975955187149
res,VT,1,1.117613059908289
res,WA,1,1.2593520869664176
res,WI,1,0.9927557705917112
res,WV,1,0.8456661254635012
res,WY,1,1.2304091611349275
com,AL,2,1.151500647244205
com,AR,2,1.0468243861708528
com,AZ,2,1.0320051766421139
com,CA,2,0.9618214335899576
com,CO,2,0.7869209161142826
com,CT,2,0.9095481122735198
com,DC,2,1.1092393636288318
com,DE,2,0.9989314574931907
com,FL,2,0.8753364673881803
com,GA,2,1.0220507342020997
com,IA,2,1.01959002124303
com,ID,2,0.9890168411727395
com,IL,2,1.021370222396784
com,IN,2,0.95016101299276
com,KS,2,1.0417600980650399
com,KY,2,1.030055682787069
com,LA,2,1.1493086075499357
com,MA,2,1.0657951979090048
com,MD,2,1.0452631619298927
com,ME,2,0.9962182690595539
com,MI,2,1.1946365738103706
com,MN,2,0.924934486919589
com,MO,2,0.9241101284038725
com,MS,2,1.283778866143102
com,MT,2,1.6253283988820026
com,NC,2,1.04695420405499
com,ND,2,2.698604058156556
com,NE,2,1.272036952131431
com,NH,2,1.0647332787049073
com,NJ,2,1.207319299349879
com,NM,2,1.2102752739712122
com,NV,2,0.7737052487285739
com,NY,2,1.1956994766288913
com,OH,2,0.9557422645036497
com,OK,2,1.0724004917864127
com,OR,2,1.27413481208409
com,PA,2,0.7984434688328389
com,RI,2,1.0972494325617856
com,SC,2,0.9491987425373396
com,SD,2,1.96125086693824
com,TN,2,1.1343348061282277
com,TX,2,1.1844914226720773
com,UT,2,1.090457923894128
com,VA,2,1.7280574771134984
com,VT,2,1.5157294345719794
com,WA,2,1.1859910486103051
com,WI,2,1.1102827330865277
com,WV,2,0.9036455990127357
com,WY,2,1.9085190719167027
res,AL,2,1.3200150238911657
res,AR,2,1.0753141169290954
res,AZ,2,1.0878101334048413
res,CA,2,0.8929643568143708
res,CO,2,0.8259748389306183
res,CT,2,1.1734413858914627
res,DC,2,0.9183934480070111
res,DE,2,1.0924364514479104
res,FL,2,1.1090946006550673
res,GA,2,1.240171803262124
res,IA,2,1.01236590960249
res,ID,2,1.2547738495296126
res,IL,2,1.0555324583853753
res,IN,2,1.3103483294587908
res,KS,2,0.9897558883453746
res,KY,2,1.0490330001774437
res,LA,2,1.2662741674237088
res,MA,2,1.0848081685780149
res,MD,2,0.9096278716969897
res,ME,2,1.219306573831203
res,MI,2,0.9601670549245871
res,MN,2,0.9508776997672528
res,MO,2,1.316303454068971
res,MS,2,1.3631449258881836
res,MT,2,1.105717988101331
res,NC,2,1.13808047524974
res,ND,2,1.2426145019373909
res,NE,2,1.123708935957096
res,NH,2,1.1520035817596452
res,NJ,2,1.0888150240208716
res,NM,2,0.9485038481101858
res,NV,2,1.0449661763794849
res,NY,2,1.0350263371353674
res,OH,2,1.2185362785414526
res,OK,2,0.9636704720621666
res,OR,2,1.1541945087054541
res,PA,2,1.2261533626007732
res,RI,2,0.9767940600523194
res,SC,2,1.2168313108281426
res,SD,2,1.2195540815809383
res,TN,2,1.2928978403437221
res,TX,2,1.0961168956752407
res,UT,2,1.100167018900048
res,VA,2,1.0256001649026394
res,VT,2,1.1885679919270056
res,WA,2,1.1998344735440636
res,WI,2,0.9725966309976611
res,WV,2,1.0703288231457406
res,WY,2,1.1519693470171772
com,AL,3,1.0953322519388053
com,AR,3,0.9777638343971696
com,AZ,3,1.006862717312049
com,CA,3,1.0821298389670355
com,CO,3,0.8224983278435274
com,CT,3,0.8608745967007556
com,DC,3,1.010811869925173
com,DE,3,0.9443521402564465
com,FL,3,0.948026341015353
com,GA,3,0.9737790583480448
com,IA,3,0.9903319975485411
com,ID,3,1.0076609496172488
com,IL,3,0.9975446021179325
com,IN,3,0.9041183845852487
com,KS,3,0.9981143028894629
com,KY,3,0.934188335671878
com,LA,3,1.0533209925918536
com,MA,3,0.983474131740824
com,MD,3,0.9606511185611349
com,ME,3,0.9704209767464713
com,MI,3,1.1467786243311888
com,MN,3,0.9349209438324175
com,MO,3,0.8613979893788328
com,MS,3,1.2065541616581672
com,MT,3,1.5120832480847803
com,NC,3,0.9709325182724236
com,ND,3,3.10860280618134
com,NE,3,1.2544760800898633
com,NH,3,0.9999687013916639
com,NJ,3,1.1620457384008298
com,NM,3,1.2153150230205243
com,NV,3,0.758861001031585
com,NY,3,1.0920419918356616
com,OH,3,0.911090250323873
com,OK,3,1.0781219180745947
com,OR,3,1.1480899428450113
com,PA,3,0.7177382532987234
com,RI,3,1.1539614983831916
com,SC,3,0.9168257597102575
com,SD,3,1.9895154074833643
com,TN,3,1.0217407909218994
com,TX,3,1.0714700256068646
com,UT,3,1.0051945690406416
com,VA,3,1.562028739828126
com,VT,3,1.4855306604351863
com,WA,3,1.0509716539724732
com,WI,3,1.1107162603767795
com,WV,3,0.8551309907183315
com,WY,3,1.936024673554908
res,AL,3,1.0866327071650936
res,AR,3,1.0869546764586766
res,AZ,3,1.0061286505715175
res,CA,3,0.9670253211236696
res,CO,3,0.9126174171110747
res,CT,3,1.0837161252436107
res,DC,3,0.7965195151865067
res,DE,3,0.9598467727004042
res,FL,3,1.1478635426867119
res,GA,3,1.0244992441001655
res,IA,3,1.0145767541985549
res,ID,3,1.2097998927516955
res,IL,3,0.9700356433325882
res,IN,3,1.1228011812829528
res,KS,3,0.9232747573151676
res,KY,3,0.8656443817523303
res,LA,3,1.1410798870373613
res,MA,3,0.9773538801563528
res,MD,3,0.7666249556214481
res,ME,3,1.1562541690577235
res,MI,3,0.9276665494892521
res,MN,3,1.0037646486690865
res,MO,3,1.150131241537935
res,MS,3,1.164904336413174
res,MT,3,1.1862197630694018
res,NC,3,0.8582100246393505
res,ND,3,1.3352549576129817
res,NE,3,1.2019429924279479
res,NH,3,1.0685978950324764
res,NJ,3,0.9740774404504672
res,NM,3,0.8523368787633921
res,NV,3,1.0309847878520166
res,NY,3,0.9376234768091106
res,OH,3,1.0450445141159943
res,OK,3,1.0058084419989477
res,OR,3,1.1716472253665278
res,PA,3,1.0410923645329309
res,RI,3,0.9028600411180493
res,SC,3,0.9401400883717368
res,SD,3,1.2871220051603207
res,TN,3,1.032697463426088
res,TX,3,1.089827758820638
res,UT,3,1.0920314355200658
res,VA,3,0.7932011690294564
res,VT,3,1.0736228239928094
res,WA,3,1.3062406175644121
res,WI,3,0.9878941653573371
res,WV,3,0.851555315653507
res,WY,3,1.2092911260811616
com,AL,4,1.133911012125615
com,AR,4,0.9744783026771263
com,AZ,4,1.0094367956366916
com,CA,4,0.9052078031499335
com,CO,4,0.8148312713680703
com,CT,4,0.8186480505335328
com,DC,4,1.01306657858671
com,DE,4,0.9207484700495554
com,FL,4,0.8571933102029898
com,GA,4,1.0186921539676266
com,IA,4,0.9282654302253611
com,ID,4,1.049982764669926
com,IL,4,0.9337383533291033
com,IN,4,0.8873294548319279
com,KS,4,0.9779230511400995
com,KY,4,0.9421574362255516
com,LA,4,1.0591055964377765
com,MA,4,0.9877421766504099
com,MD,4,0.9810158798684293
com,ME,4,0.9434352580070572
com,MI,4,1.1036693360755951
com,MN,4,0.8596486139606339
com,MO,4,0.8390018893952931
com,MS,4,1.2126669199219646
com,MT,4,1.5866138114715542
com,NC,4,1.0219138719111127
com,ND,4,2.9886871106165476
com,NE,4,1.2052091205614877
com,NH,4,0.97671778260345965
com,NJ,4,1.0898999283064026
com,NM,4,1.2057102061002125
com,NV,4,0.7723884173566888
com,NY,4,1.109585539763734
com,OH,4,0.9115629112913252
com,OK,4,1.0780358803788235
com,OR,4,1.108997988145244
com,PA,4,0.7341427742398777
com,RI,4,1.166320399999943
com,SC,4,0.904022145670733
com,SD,4,1.9515796278299633
com,TN,4,1.0370192750360516
com,TX,4,1.0941278617792443
com,UT,4,1.023114387936724
com,VA,4,1.6953918657538398
com,VT,4,1.4293572079016856
com,WA,4,1.0989579698008747
com,WI,4,1.0490282724375803
com,WV,4,0.836676035923615
com,WY,4,1.9721444224766989
res,AL,4,1.039658139985186
res,AR,4,0.8991734533270612
res,AZ,4,0.9240758849853449
res,CA,4,0.8894394473698075
res,CO,4,0.8837638203393883
res,CT,4,1.0611649925663507
res,DC,4,0.8804684707892331
res,DE,4,0.9701656055824112
res,FL,4,1.1187600399688231
res,GA,4,1.0193978939578618
res,IA,4,0.9338837327163837
res,ID,4,1.2151899444430279
res,IL,4,0.9305868281279396
res,IN,4,1.1007341999937297
res,KS,4,0.8455010441242949
res,KY,4,0.8866178714494369
res,LA,4,1.0405536581452282
res,MA,4,0.9914770909712743
res,MD,4,0.8310870186511884
res,ME,4,1.1319085450046873
res,MI,4,0.9155873328876983
res,MN,4,0.9324827868861331
res,MO,4,1.049991036129682
res,MS,4,1.0520460600464498
res,MT,4,1.1443045760240802
res,NC,4,0.9577382387427267
res,ND,4,1.2386828515936557
res,NE,4,1.023760260101588
res,NH,4,1.0126994746991533
res,NJ,4,1.025018050838171
res,NM,4,0.7873403117998186
res,NV,4,0.9534197058392632
res,NY,4,0.9423429540598037
res,OH,4,1.0419127036872136
res,OK,4,0.8529941021393009
res,OR,4,1.1565472386822515
res,PA,4,1.057479799747062
res,RI,4,0.9387332301070073
res,SC,4,1.003785510414886
res,SD,4,1.2142057700553224
res,TN,4,1.0247490323570034
res,TX,4,1.000185492961375
res,UT,4,1.0554033663290927
res,VA,4,0.8354115136907372
res,VT,4,1.0241322622844826
res,WA,4,1.291583903591537
res,WI,4,0.9475790416641328
res,WV,4,0.8459428930647227
res,WY,4,1.138921643736755
com,AL,5,0.9901939580002325
com,AR,5,0.8546228109758708
com,AZ,5,1.0415713746365043
com,CA,5,0.8349783268973433
com,CO,5,0.8374566902373095
com,CT,5,0.9070068312406702
com,DC,5,1.0093888456574818
com,DE,5,0.9451219402023732
com,FL,5,0.8755273527541416
com,GA,5,0.8884465205704907
com,IA,5,0.8393033581588475
com,ID,5,0.9589211483201635
com,IL,5,0.9142987350434921
com,IN,5,0.8796727530672143
com,KS,5,0.9607832067335835
com,KY,5,0.8578766048549202
com,LA,5,0.9067992993759162
com,MA,5,0.9713086044146554
com,MD,5,1.0095023129584382
com,ME,5,0.8965231039259388
com,MI,5,1.081015931208694
com,MN,5,0.8005326083164858
com,MO,5,0.7930695867103608
com,MS,5,1.0447398553294311
com,MT,5,1.5215152658570659
com,NC,5,0.9617383768717085
com,ND,5,2.8351354912194986
com,NE,5,1.1700258366123988
com,NH,5,0.9901649620464178
com,NJ,5,1.0981290554123815
com,NM,5,1.2423597135583933
com,NV,5,0.7916677426490618
com,NY,5,1.023951593394475
com,OH,5,0.9371441543036925
com,OK,5,1.0488885681480342
com,OR,5,1.055734006415408
com,PA,5,0.7285626135179096
com,RI,5,1.2062033295255357
com,SC,5,0.8798798187441629
com,SD,5,1.7375270180373856
com,TN,5,0.9190467925866193
com,TX,5,0.8737304379786789
com,UT,5,1.0473505672981585
com,VA,5,1.6578082004347043
com,VT,5,1.4761525241936144
com,WA,5,1.0952827261432136
com,WI,5,1.0338246415781922
com,WV,5,0.872159701783286
com,WY,5,1.9402859806945678
res,AL,5,0.9317381467945078
res,AR,5,0.7443121381654196
res,AZ,5,0.993696559883254
res,CA,5,0.9656751154707666
res,CO,5,0.9204319062447834
res,CT,5,1.0489078781213517
res,DC,5,0.8076487003728685
res,DE,5,0.8624327193887956
res,FL,5,1.1438210717994268
res,GA,5,0.9503237217425894
res,IA,5,0.8500352787508196
res,ID,5,1.1213128552677338
res,IL,5,0.9337265857340707
res,IN,5,1.025779400946836
res,KS,5,0.7385683011264832
res,KY,5,0.8445176968886977
res,LA,5,0.8384906501872671
res,MA,5,0.9455854427158839
res,MD,5,0.80719563505985
res,ME,5,1.0014915325988887
res,MI,5,0.931767675785644
res,MN,5,0.8941508333595266
res,MO,5,0.8710074051118163
res,MS,5,0.8531643995218628
res,MT,5,1.0860358780111554
res,NC,5,0.8794237161308193
res,ND,5,1.1667945712832535
res,NE,5,0.9707876381774652
res,NH,5,0.9528705155729901
res,NJ,5,1.0131355338842483
res,NM,5,0.7287454792527459
res,NV,5,1.0503316056168444
res,NY,5,0.9094875298201592
res,OH,5,0.983443143872122
res,OK,5,0.7517060242800033
res,OR,5,1.1263695619618705
res,PA,5,0.9933376211863265
res,RI,5,0.8932015782042776
res,SC,5,0.9464072926052849
res,SD,5,1.1221031226799292
res,TN,5,0.8436393145625061
res,TX,5,0.8473846593071934
res,UT,5,1.0519861088021236
res,VA,5,0.828964629482452
res,VT,5,0.987766551552812
res,WA,5,1.2520575561867333
res,WI,5,0.9426490599181131
res,WV,5,0.8301865244325818
res,WY,5,1.0425810811443854
com,AL,6,1.0180712303736676
com,AR,6,0.8892161615914886
com,AZ,6,1.1272059546886404
com,CA,6,0.9577034552609888
com,CO,6,0.83519414021495475
com,CT,6,0.9777935259178957
com,DC,6,1.021264377298469
com,DE,6,1.0947500096903195
com,FL,6,0.8759167433824167
com,GA,6,0.9123583643751534
com,IA,6,0.8723075779248963
com,ID,6,0.9042729948580988
com,IL,6,1.0226595031188226
com,IN,6,0.9899970626493798
com,KS,6,1.0180271724022525
com,KY,6,0.9201796700788109
com,LA,6,0.9418016746955327
com,MA,6,1.0221269056220965
com,MD,6,1.0733979155576743
com,ME,6,0.916492940749531
com,MI,6,1.1804647514435225
com,MN,6,0.8239200516802742
com,MO,6,0.8404524300817832
com,MS,6,1.100313386963805
com,MT,6,1.4927591163944016
com,NC,6,0.9391887097029394
com,ND,6,2.6441426072151115
com,NE,6,1.22140162610448
com,NH,6,1.0666184600453792
com,NJ,6,1.2078039683165356
com,NM,6,1.294569009217876
com,NV,6,0.8045878465502116
com,NY,6,1.1229650032480405
com,OH,6,1.0122579085119277
com,OK,6,1.0735150647894554
com,OR,6,1.01508570087937
com,PA,6,0.769716444343475
com,RI,6,1.2362062759406256
com,SC,6,0.8343540227178263
com,SD,6,1.7844155252299687
com,TN,6,0.9483439649037428
com,TX,6,0.919802519613644
com,UT,6,1.0610449517392362
com,VA,6,1.6822487597270568
com,VT,6,1.534035116401172
com,WA,6,1.0563086425791894
com,WI,6,1.1281771524542585
com,WV,6,0.8793554592167331
com,WY,6,1.8305033080688993
res,AL,6,1.0962143007801544
res,AR,6,0.8669286589326062
res,AZ,6,1.0540316580559694
res,CA,6,1.0298009433737767
res,CO,6,1.041437845304857
res,CT,6,1.2968134278829426
res,DC,6,0.9287905379857309
res,DE,6,1.0465095243175413
res,FL,6,1.196316448156333
res,GA,6,1.1161947746301606
res,IA,6,1.035983439826549
res,ID,6,1.2718403680989385
res,IL,6,1.178484866120741
res,IN,6,1.2444852388561403
res,KS,6,0.9489692436383197
res,KY,6,1.0024822316200857
res,LA,6,1.0573648718485489
res,MA,6,1.0796801597033634
res,MD,6,0.9690727354964171
res,ME,6,1.0708702824649792
res,MI,6,1.147199644400427
res,MN,6,1.1038991652191936
res,MO,6,1.0558686156570054
res,MS,6,1.0586795414395616
res,MT,6,1.1210661747892103
res,NC,6,1.010474987142728
res,ND,6,1.2571114001985437
res,NE,6,1.1255672687907765
res,NH,6,1.1139141919666344
res,NJ,6,1.2729123000293128
res,NM,6,0.8057858470762052
res,NV,6,1.1078816507949445
res,NY,6,1.073053220292557
res,OH,6,1.2055022100294068
res,OK,6,0.9196341335444919
res,OR,6,1.2161439440346262
res,PA,6,1.1510242827205046
res,RI,6,1.053895799755734
res,SC,6,1.0600711437134462
res,SD,6,1.2567774046774225
res,TN,6,1.0065430230947665
res,TX,6,0.9882056269777914
res,UT,6,1.1844034324361523
res,VA,6,1.0468723531159634
res,VT,6,1.1368155631248766
res,WA,6,1.2972970042129666
res,WI,6,1.1864422910056631
res,WV,6,0.9225660845468815
res,WY,6,1.1192851668318462
com,AL,7,1.0276467164559533
com,AR,7,0.9474257481740757
com,AZ,7,1.1846811509408082
com,CA,7,0.8527346528222408
com,CO,7,0.8572312514242434
com,CT,7,0.9240448512513131
com,DC,7,1.087501921790485
com,DE,7,1.0380281807772058
com,FL,7,0.8946173851265992
com,GA,7,0.9402856203140265
com,IA,7,0.903336467485264
com,ID,7,0.8792978867343826
com,IL,7,1.071246234017093
com,IN,7,1.0106026256764147
com,KS,7,1.0041839763028657
com,KY,7,0.9743760782965201
com,LA,7,0.9724395478939457
com,MA,7,0.9706925242477221
com,MD,7,1.0933079195286355
com,ME,7,0.8602598351948731
com,MI,7,1.2438683424806192
com,MN,7,0.8683901407644964
com,MO,7,0.8590445607454695
com,MS,7,1.1631072729726257
com,MT,7,1.3933017835875063
com,NC,7,1.025089094543857
com,ND,7,2.599569114554523
com,NE,7,1.1638527964700556
com,NH,7,1.0147503633314845
com,NJ,7,1.2521354710108996
com,NM,7,1.3374861813068137
com,NV,7,0.7558409609899424
com,NY,7,1.129627070174634
com,OH,7,1.0639503990545292
com,OK,7,1.0488048464282764
com,OR,7,0.9929783730497656
com,PA,7,0.8302932276059241
com,RI,7,1.1786133249848216
com,SC,7,0.8825294343001898
com,SD,7,1.7969838137267082
com,TN,7,1.009655258745842
com,TX,7,0.9272072482147158
com,UT,7,1.0388431049895859
com,VA,7,1.7566703993321964
com,VT,7,1.425291807518644
com,WA,7,1.0529630085569328
com,WI,7,1.1793585005785516
com,WV,7,0.9108580005804318
com,WY,7,1.6960953712743172
res,AL,7,1.2225955153887489
res,AR,7,1.0700771120212575
res,AZ,7,1.161878731957232
res,CA,7,1.1070509641156288
res,CO,7,1.1590157552965823
res,CT,7,1.3864852608885563
res,DC,7,1.0265694880875529
res,DE,7,1.164116313342559
res,FL,7,1.2774990102495383
res,GA,7,1.2589113429537127
res,IA,7,1.126172298083088
res,ID,7,1.372459347504471
res,IL,7,1.2252222335420864
res,IN,7,1.3744896971884977
res,KS,7,1.0458016339270195
res,KY,7,1.173074934876
res,LA,7,1.1709045001870193
res,MA,7,1.1090919803157628
res,MD,7,1.064680278521432
res,ME,7,1.1193900488694715
res,MI,7,1.1645297933064829
res,MN,7,1.138769679056424
res,MO,7,1.1910491285073637
res,MS,7,1.2149655533923114
res,MT,7,1.1646423712940863
res,NC,7,1.2024920199575708
res,ND,7,1.321900403500182
res,NE,7,1.2923706842046698
res,NH,7,1.2429458589310889
res,NJ,7,1.3814836410859428
res,NM,7,0.939182783854353
res,NV,7,1.2013227053585542
res,NY,7,1.1535795803489794
res,OH,7,1.3101395434247376
res,OK,7,1.0339741267592917
res,OR,7,1.2615484227986513
res,PA,7,1.2594304012163653
res,RI,7,1.2721790952248497
res,SC,7,1.2917044428940263
res,SD,7,1.325775419629115
res,TN,7,1.191251681970497
res,TX,7,1.1154235745896002
res,UT,7,1.3069386252171002
res,VA,7,1.1860202481134265
res,VT,7,1.2115211773989756
res,WA,7,1.3095114489289272
res,WI,7,1.2188535238016258
res,WV,7,1.0643490762683758
res,WY,7,1.1595009071956697
com,AL,8,1.062137412081207
com,AR,8,0.9825994054416425
com,AZ,8,1.1763269744881812
com,CA,8,0.8439874047814757
com,CO,8,0.9252446443316754
com,CT,8,0.8584272642122431
com,DC,8,1.0161488141970743
com,DE,8,0.9805458773838612
com,FL,8,0.8941903698988118
com,GA,8,0.9452137083988256
com,IA,8,0.8967282206120801
com,ID,8,0.9373907658794839
com,IL,8,1.06401089612412
com,IN,8,1.0384979342817064
com,KS,8,1.0516107917183777
com,KY,8,0.9492018354642661
com,LA,8,0.9827421571173199
com,MA,8,0.9304494720441476
com,MD,8,1.0281810400281988
com,ME,8,0.8616422600232453
com,MI,8,1.2228244541621354
com,MN,8,0.8533740146157983
com,MO,8,0.858848810527903
com,MS,8,1.1959851845844
com,MT,8,1.4907836446682983
com,NC,8,0.9975699015210547
com,ND,8,2.6106590200251074
com,NE,8,1.2262596877726497
com,NH,8,0.930662527433835
com,NJ,8,1.1930956884063777
com,NM,8,1.3923805279077737
com,NV,8,0.7634624589991451
com,NY,8,1.1135809348469086
com,OH,8,1.0188335021860353
com,OK,8,1.0906250222536085
com,OR,8,1.030756347507688
com,PA,8,0.7999509100541373
com,RI,8,1.0799257429684435
com,SC,8,0.8958594162112785
com,SD,8,1.8707383877076935
com,TN,8,1.0357580390943273
com,TX,8,0.9202534388463065
com,UT,8,1.1109427938173557
com,VA,8,1.676168571333866
com,VT,8,1.3719685087761637
com,WA,8,1.1101759453953812
com,WI,8,1.1676086936946994
com,WV,8,0.868880948931375
com,WY,8,1.86503368934623
res,AL,8,1.2654552462708035
res,AR,8,1.1861312054493034
res,AZ,8,1.1414859306803078
res,CA,8,1.2001296091711737
res,CO,8,1.2624528247699536
res,CT,8,1.2916998155152797
res,DC,8,0.9763199612838634
res,DE,8,1.1300154103229036
res,FL,8,1.2798138806866797
res,GA,8,1.2704570318288744
res,IA,8,1.1415250199828153
res,ID,8,1.3415042662352863
res,IL,8,1.2167709730358354
res,IN,8,1.4165665494423092
res,KS,8,1.1357939184476893
res,KY,8,1.182620405973503
res,LA,8,1.2386674304504244
res,MA,8,1.148324148822436
res,MD,8,0.9802606646968338
res,ME,8,1.2123660362639106
res,MI,8,1.1170735992007113
res,MN,8,1.1487758227273928
res,MO,8,1.2234919278528784
res,MS,8,1.2928294420299238
res,MT,8,1.3161637184612918
res,NC,8,1.167696186689491
res,ND,8,1.3500660469537193
res,NE,8,1.3263365781548102
res,NH,8,1.2386593883231836
res,NJ,8,1.2158246082213995
res,NM,8,0.9624223393916502
res,NV,8,1.147180393460316
res,NY,8,1.1547848821985012
res,OH,8,1.2896094483114693
res,OK,8,1.1226654867025792
res,OR,8,1.2905642270937832
res,PA,8,1.243897803629847
res,RI,8,1.2513659810903925
res,SC,8,1.2423415137130107
res,SD,8,1.4232455339649994
res,TN,8,1.2783585956274206
res,TX,8,1.1863758191958118
res,UT,8,1.3329301025498832
res,VA,8,1.1145906909643417
res,VT,8,1.1945877059908392
res,WA,8,1.3374038452669903
res,WI,8,1.203223167545335
res,WV,8,1.0591688795621015
res,WY,8,1.1901064316364454
com,AL,9,1.0327982478096793
com,AR,9,1.0650407589965791
com,AZ,9,1.1658777080763205
com,CA,9,1.0183215221952797
com,CO,9,0.909829569285762
com,CT,9,0.8871083048943796
com,DC,9,1.0102056719040065
com,DE,9,0.9661009044279216
com,FL,9,0.9058890437315054
com,GA,9,0.8886584978657445
com,IA,9,0.8955873310908646
com,ID,9,1.0398634870098453
com,IL,9,1.0264424596080581
com,IN,9,1.0105878990555421
com,KS,9,1.1225336061371924
com,KY,9,0.9309299369811488
com,LA,9,1.0652821502275711
com,MA,9,1.008279041174428
com,MD,9,1.0037301380586405
com,ME,9,0.9608878312340196
com,MI,9,1.1550110971939047
com,MN,9,0.8458249270347155
com,MO,9,0.901984975556233
com,MS,9,1.2319792592029961
com,MT,9,1.547797795538427
com,NC,9,1.0032153678905615
com,ND,9,2.8732507180638795
com,NE,9,1.308232072046094
com,NH,9,0.9927515334884526
com,NJ,9,1.15893537090605
com,NM,9,1.4080830155673283
com,NV,9,0.8134977851242073
com,NY,9,1.1732534420423908
com,OH,9,0.9877969101807379
com,OK,9,1.18099559139297
com,OR,9,1.1054048636886562
com,PA,9,0.783412386759237
com,RI,9,1.1329434749981993
com,SC,9,0.8792336274539307
com,SD,9,1.972124276570754
com,TN,9,1.0714029956517588
com,TX,9,0.9716771302463906
com,UT,9,1.082979259968151
com,VA,9,1.6511493964090476
com,VT,9,1.4052691960196806
com,WA,9,1.1689803168456696
com,WI,9,1.118441432975935
com,WV,9,0.8276608331865688
com,WY,9,1.9138293124784103
res,AL,9,1.0680916493874026
res,AR,9,1.184335881388909
res,AZ,9,1.0290300845174463
res,CA,9,1.2035273515551743
res,CO,9,1.0874314920624668
res,CT,9,1.1727072001209755
res,DC,9,1.0053182130362863
res,DE,9,1.1685247961863616
res,FL,9,1.1619471962711405
res,GA,9,1.0274441043300317
res,IA,9,1.0395289276532116
res,ID,9,1.1973051071236178
res,IL,9,1.0444554953112184
res,IN,9,1.2627386022032276
res,KS,9,1.0820329232769612
res,KY,9,1.051127316549589
res,LA,9,1.2124230544710575
res,MA,9,1.1709970832828558
res,MD,9,0.8961973014531812
res,ME,9,1.1848378309226153
res,MI,9,0.980263216455581
res,MN,9,1.0415376643886072
res,MO,9,1.112492501405493
res,MS,9,1.2517871585691203
res,MT,9,1.1653779545247216
res,NC,9,0.9950561374607925
res,ND,9,1.280544825852846
res,NE,9,1.2507172705493441
res,NH,9,1.1002526918904159
res,NJ,9,1.0878509513935424
res,NM,9,0.9021883368111828
res,NV,9,1.0826225091082107
res,NY,9,1.1785245231152521
res,OH,9,1.1440814040074978
res,OK,9,1.1051594103340612
res,OR,9,1.1715869433247819
res,PA,9,1.1733874811330718
res,RI,9,1.1291513384402747
res,SC,9,1.03229928772237
res,SD,9,1.338184030524516
res,TN,9,1.228753476441279
res,TX,9,1.309852002306034
res,UT,9,1.1904586254506377
res,VA,9,0.9665003312808381
res,VT,9,1.0819948652244296
res,WA,9,1.2521351261863178
res,WI,9,1.0717849692597
res,WV,9,0.8900666667176182
res,WY,9,1.0516592819560047
com,AL,10,1.0864755249800437
com,AR,10,1.029035758944981
com,AZ,10,1.1901623792571738
com,CA,10,1.058090567656314
com,CO,10,0.8384646057407497
com,CT,10,0.8486353260287285
com,DC,10,1.00096389232499
com,DE,10,0.9607569457341565
com,FL,10,0.8844343052360911
com,GA,10,0.9732992227325638
com,IA,10,0.9633357148891779
com,ID,10,1.0961416415400143
com,IL,10,0.983372737137697
com,IN,10,0.9498315945182088
com,KS,10,1.0422976523219911
com,KY,10,0.9368419891346543
com,LA,10,1.0732139351649295
com,MA,10,0.9325236039687649
com,MD,10,0.9947347104317853
com,ME,10,0.8638621184276349
com,MI,10,1.1288619158362547
com,MN,10,0.8709278021542443
com,MO,10,0.8395945976576868
com,MS,10,1.2390806676542172
com,MT,10,1.5051358405317092
com,NC,10,1.0070633132724713
com,ND,10,3.0822199354084794
com,NE,10,1.3162741606717723
com,NH,10,0.9407797352639512
com,NJ,10,1.130316452074138
com,NM,10,1.2491331286746987
com,NV,10,0.8179836409351168
com,NY,10,1.0848436831444483
com,OH,10,0.9771485996620466
com,OK,10,1.1622775985240763
com,OR,10,1.1219670421905552
com,PA,10,0.7482914588573727
com,RI,10,1.0602311449281636
com,SC,10,0.8917807092373454
com,SD,10,1.930578893775864
com,TN,10,1.0574102896114943
com,TX,10,1.0631723829066133
com,UT,10,1.1232276841584676
com,VA,10,1.7143822394585517
com,VT,10,1.3624693318897678
com,WA,10,1.1615361929851278
com,WI,10,1.095768527130375
com,WV,10,0.8876921355530546
com,WY,10,1.9685278684177439
res,AL,10,0.970403655848888
res,AR,10,1.0043319195058922
res,AZ,10,1.1590200275623825
res,CA,10,1.007532723804861
res,CO,10,0.9362482840627396
res,CT,10,1.0302823179753546
res,DC,10,0.8589069843248381
res,DE,10,0.8980753198402092
res,FL,10,1.0493945409393204
res,GA,10,0.9642970419946472
res,IA,10,0.9733652462665071
res,ID,10,1.134459810785566
res,IL,10,1.0014375087032965
res,IN,10,1.1136221406396285
res,KS,10,0.9938051015076451
res,KY,10,0.8833676444384115
res,LA,10,1.073508673014915
res,MA,10,0.9962506238379206
res,MD,10,0.7835758284438988
res,ME,10,0.9896387675327896
res,MI,10,0.9757830035817355
res,MN,10,0.9511093496635287
res,MO,10,1.0550127999233392
res,MS,10,1.0907519131550578
res,MT,10,0.9650139857729744
res,NC,10,0.8945894161658229
res,ND,10,1.1747667920180522
res,NE,10,1.1461724796578743
res,NH,10,0.9606150757289698
res,NJ,10,0.9714874308442905
res,NM,10,0.8864072705349689
res,NV,10,1.0941585533547165
res,NY,10,0.9973620882864954
res,OH,10,1.0441640348927348
res,OK,10,0.9833811986360177
res,OR,10,1.130203940949462
res,PA,10,1.0297795645723158
res,RI,10,0.9661866041234785
res,SC,10,0.9458500964332575
res,SD,10,1.155322323364335
res,TN,10,1.0079146747624264
res,TX,10,1.1480577894716275
res,UT,10,1.1417694868840917
res,VA,10,0.8298778673065705
res,VT,10,1.0098536889730003
res,WA,10,1.1488697721368808
res,WI,10,1.0125177052817078
res,WV,10,0.8230383090285658
res,WY,10,0.9720427675197013
com,AL,11,1.0161875069525064
com,AR,11,0.904434109080511
com,AZ,11,1.1307463983876063
com,CA,11,0.8880255232512496
com,CO,11,0.7486775357196873
com,CT,11,0.8083519030304213
com,DC,11,1.0194074825817576
com,DE,11,0.891107565456061
com,FL,11,0.8836022284130951
com,GA,11,0.9265460617367696
com,IA,11,0.9019013226807735
com,ID,11,1.01060580989728
com,IL,11,0.9319903188557053
com,IN,11,0.876800077825384
com,KS,11,0.9298029628901155
com,KY,11,0.908081589242328
com,LA,11,1.0238466514236075
com,MA,11,0.9006132737458007
com,MD,11,0.9533251459166644
com,ME,11,0.7954883521869869
com,MI,11,1.0743175201768826
com,MN,11,0.8262390125449991
com,MO,11,0.7637408910142477
com,MS,11,1.1421707352253556
com,MT,11,1.38773524670182
com,NC,11,0.9389814448031782
com,ND,11,2.948323728023876
com,NE,11,1.1657872912490632
com,NH,11,0.926459812414812
com,NJ,11,1.0488128925161653
com,NM,11,1.127667479519466
com,NV,11,0.7060812987656727
com,NY,11,1.066936666202083
com,OH,11,0.9155831608255851
com,OK,11,1.0345348431170807
com,OR,11,1.1522609487423832
com,PA,11,0.7057354456376639
com,RI,11,0.9643652189914991
com,SC,11,0.8267057040029219
com,SD,11,1.7849618485663377
com,TN,11,0.9409701005285657
com,TX,11,1.0098176295548957
com,UT,11,1.085342327629228
com,VA,11,1.6995604664231092
com,VT,11,1.3020490010299786
com,WA,11,1.1665705409160398
com,WI,11,1.0277427387434048
com,WV,11,0.8356694727711387
com,WY,11,1.9096432933064165
res,AL,11,1.0297358381735404
res,AR,11,0.8239706185398687
res,AZ,11,1.0335408480145563
res,CA,11,0.9158427414221572
res,CO,11,0.8625768542785696
res,CT,11,1.088898223598949
res,DC,11,0.8107037173235541
res,DE,11,0.8412374684132007
res,FL,11,1.0917376287996856
res,GA,11,1.033148163352511
res,IA,11,0.8870061603026045
res,ID,11,1.2701729332714753
res,IL,11,0.9551088419941646
res,IN,11,1.077211991794118
res,KS,11,0.890214649578439
res,KY,11,0.8020816029992567
res,LA,11,1.054462041339019
res,MA,11,0.9325420988356933
res,MD,11,0.8163457247800096
res,ME,11,0.9747846138286265
res,MI,11,0.9384134037063029
res,MN,11,0.9094570079387981
res,MO,11,1.0489472390727377
res,MS,11,1.0279196588581703
res,MT,11,1.068160702550562
res,NC,11,0.9228595323503602
res,ND,11,1.234883987545662
res,NE,11,1.0045350331712586
res,NH,11,0.9932404662712386
res,NJ,11,1.0343515503356804
res,NM,11,0.881836558907533
res,NV,11,1.0813453907763946
res,NY,11,0.9178149857420717
res,OH,11,1.015335277965651
res,OK,11,0.8581551443393161
res,OR,11,1.211891686989538
res,PA,11,1.0535356970076555
res,RI,11,0.9083009031777989
res,SC,11,0.9891267266466645
res,SD,11,1.1186089765247615
res,TN,11,0.8651982014465637
res,TX,11,0.9947019952697067
res,UT,11,1.1327130274386894
res,VA,11,0.866042198210648
res,VT,11,1.0284505737874476
res,WA,11,1.1760501541281412
res,WI,11,0.9658884209578779
res,WV,11,0.8635628597474807
res,WY,11,1.0692737988643979
com,AL,12,0.9986362719224323
com,AR,12,0.9023195940420196
com,AZ,12,1.056922217585969
com,CA,12,1.0208272929098825
com,CO,12,0.7370047213236404
com,CT,12,0.8199510764494523
com,DC,12,1.0306603442933882
com,DE,12,0.9639145303369584
com,FL,12,0.9014238892892746
com,GA,12,0.9060591781961874
com,IA,12,0.9720374645863192
com,ID,12,0.986619470357893
com,IL,12,0.9834181850365715
com,IN,12,0.8749414312847852
com,KS,12,0.9209109738151562
com,KY,12,0.9271069709789715
com,LA,12,1.0257881335338206
com,MA,12,0.9084443013216732
com,MD,12,0.9957855602408412
com,ME,12,0.8560378891102858
com,MI,12,1.1241377503446774
com,MN,12,0.880463339732584
com,MO,12,0.7926243743599503
com,MS,12,1.1382909966015753
com,MT,12,1.466529324522246
com,NC,12,0.8801293086233527
com,ND,12,2.9390389038646187
com,NE,12,1.1864461098770989
com,NH,12,0.9586570939328217
com,NJ,12,1.1396530290053337
com,NM,12,1.0743842276610112
com,NV,12,0.658341384603803
com,NY,12,1.099025215421823
com,OH,12,0.9316155600405769
com,OK,12,1.007511810495207
com,OR,12,1.2327552811748437
com,PA,12,0.7414376621924553
com,RI,12,0.9767969392665309
com,SC,12,0.8856005414481174
com,SD,12,1.840630378912296
com,TN,12,0.9512328751882859
com,TX,12,1.036142000231103
com,UT,12,1.0165763017093863
com,VA,12,1.5884766761579816
com,VT,12,1.366356385619035
com,WA,12,1.1492323070528812
com,WI,12,1.075527456972533
com,WV,12,0.8478943702306719
com,WY,12,1.8184421298793647
res,AL,12,1.1685591250135043
res,AR,12,0.9081026282219979
res,AZ,12,1.1002971804758381
res,CA,12,0.9742739660810378
res,CO,12,0.845648312432934
res,CT,12,1.2063925342402477
res,DC,12,0.8696029989962838
res,DE,12,1.0084733776011818
res,FL,12,1.0949114380881337
res,GA,12,1.1371342349518812
res,IA,12,1.0832786137560753
res,ID,12,1.2749977472571683
res,IL,12,1.0666103011739971
res,IN,12,1.2234734510509995
res,KS,12,0.9619876720032772
res,KY,12,0.9360600172253023
res,LA,12,1.0722824165247173
res,MA,12,0.9458963785739043
res,MD,12,0.9199522270354673
res,ME,12,1.025643444306781
res,MI,12,0.9944140858752367
res,MN,12,1.012305892426247
res,MO,12,1.2203865785143444
res,MS,12,1.1009628501622841
res,MT,12,1.19545759665439
res,NC,12,1.0486873523621882
res,ND,12,1.396175980064138
res,NE,12,1.1838012981351245
res,NH,12,1.1034064860534938
res,NJ,12,1.1042878859466032
res,NM,12,0.8858075408471225
res,NV,12,1.1126697511916344
res,NY,12,0.9731393990399172
res,OH,12,1.1508769231356821
res,OK,12,0.9458450106264585
res,OR,12,1.208272728273123
res,PA,12,1.1848665537187533
res,RI,12,0.9025156753249631
res,SC,12,1.1030198557099289
res,SD,12,1.250943944796845
res,TN,12,0.9941165997874176
res,TX,12,1.0006141163048028
res,UT,12,1.1057347542964944
res,VA,12,0.9954058302651698
res,VT,12,1.1204566764692565
res,WA,12,1.2358230920044786
res,WI,12,1.0535053664061542
res,WV,12,1.0346127928993498
res,WY,12,1.1459458215936305
